EmployeeID,Name,Department,Position,Salary,Experience,Performance,HireDate
1,Employee_1,Marketing,Manager,77567.26291871468,18,3.529282925250463,2021-10-16
2,Employee_2,Engineering,Director,80196.33095344115,17,3.2713021960167037,2021-02-12
3,Employee_3,Marketing,Senior,73873.88803862115,19,3.6292107993907257,2021-01-17
4,Employee_4,Sales,Junior,58582.24000558833,6,3.154303165496464,2018-05-19
5,Employee_5,Finance,Manager,41111.45347089684,8,5.0,2021-02-06
6,Employee_6,Engineering,Junior,58808.68109054886,11,2.8291010611203755,2022-03-05
7,Employee_7,Marketing,Lead,66749.82828437784,2,4.443539574512342,2019-06-20
8,Employee_8,Finance,Manager,40000.0,15,4.185167850519029,2018-05-25
9,Employee_9,Engineering,Lead,70066.1211166334,6,3.488910292396583,2020-05-19
10,Employee_10,Finance,Senior,98108.93420065014,4,2.8078327569182027,2019-10-19
11,Employee_11,Engineering,Manager,89180.44763584681,6,2.8853957436865842,2018-02-26
12,Employee_12,HR,Lead,62594.85310646232,18,3.0856261606267923,2019-09-13
13,Employee_13,Engineering,Lead,76173.4074603807,16,2.0714069744429895,2020-10-27
14,Employee_14,Marketing,Senior,61095.88576445001,15,2.6972276593605673,2019-06-27
15,Employee_15,Finance,Junior,78719.0183333924,18,2.314018787709086,2019-03-24
16,Employee_16,Finance,Junior,113502.69559360079,17,4.576700002542173,2021-11-10
17,Employee_17,Finance,Manager,99212.4700656219,18,3.994769913910575,2021-08-24
18,Employee_18,Sales,Senior,88019.85764231882,3,4.1287792790923685,2020-05-24
19,Employee_19,Sales,Manager,62677.877190407045,0,3.971065561233558,2019-10-02
20,Employee_20,Marketing,Junior,93748.45982362096,3,3.6335740986673306,2021-08-19
21,Employee_21,HR,Senior,40000.0,3,4.66854426570331,2022-07-16
22,Employee_22,Sales,Director,68691.16295022774,8,3.01138987541461,2021-11-30
23,Employee_23,Engineering,Senior,89592.78549559874,7,3.585335724293636,2019-09-04
24,Employee_24,Marketing,Senior,93510.53035119378,1,4.097647062259298,2022-08-30
25,Employee_25,HR,Director,91747.11225539353,5,2.4430326145150967,2020-04-17
26,Employee_26,Engineering,Lead,82370.76723024236,10,5.0,2022-11-13
27,Employee_27,Finance,Lead,70106.87552290293,3,3.5228526102220687,2022-05-06
28,Employee_28,Sales,Lead,88449.39924566222,13,3.613591560460474,2020-02-20
29,Employee_29,Engineering,Junior,51178.4739853425,8,4.505502425339937,2020-04-17
30,Employee_30,HR,Senior,53883.06841766875,1,4.231964266408179,2019-05-26
31,Employee_31,Marketing,Director,76543.36691150742,0,3.5304624155171673,2021-01-02
32,Employee_32,Engineering,Junior,79329.94106771868,3,3.604103550478434,2020-03-23
33,Employee_33,Marketing,Director,40000.0,11,2.2966811752416167,2019-07-19
34,Employee_34,Finance,Junior,86378.65952373797,4,3.054827377720019,2018-09-23
35,Employee_35,HR,Junior,94318.20944798483,8,3.9137681729271683,2021-06-05
36,Employee_36,HR,Junior,73067.86906334262,3,3.855114271234309,2021-05-02
37,Employee_37,Sales,Director,134361.65708209982,15,4.47693260000327,2021-10-30
38,Employee_38,HR,Manager,57926.62234212035,1,3.4035991534213403,2022-11-11
39,Employee_39,Engineering,Junior,65972.82091532827,15,2.390170789255307,2018-01-11
40,Employee_40,Engineering,Lead,65123.327346819766,15,4.345384344620542,2018-10-30
41,Employee_41,Engineering,Senior,73095.30971772457,10,4.6488714769456125,2021-10-15
42,Employee_42,Finance,Manager,66781.87967584272,0,4.2185956582849835,2022-10-31
43,Employee_43,HR,Manager,40000.0,14,3.369093063314007,2020-03-16
44,Employee_44,HR,Director,61336.29259408812,3,4.335508841501263,2020-12-12
45,Employee_45,Engineering,Manager,72559.4826056481,17,5.0,2022-11-12
46,Employee_46,Sales,Director,105714.30205154992,16,3.5921218515523807,2018-04-10
47,Employee_47,Sales,Director,130056.08183432282,6,2.4506106462039,2019-08-17
48,Employee_48,HR,Lead,108386.84744626637,17,3.0309719603582783,2020-11-03
49,Employee_49,HR,Junior,55615.524258184836,12,4.00038080024324,2021-11-15
50,Employee_50,Marketing,Manager,57604.75973434586,19,2.2161565512815495,2018-12-24
51,Employee_51,HR,Junior,71016.78556226623,19,3.6355224599296556,2022-07-23
52,Employee_52,Engineering,Junior,119613.97222133966,9,3.8042693202527063,2020-07-17
53,Employee_53,Finance,Junior,70864.39869545266,0,4.728097391850121,2018-01-12
54,Employee_54,HR,Director,41812.312736564236,1,4.548155884843441,2018-03-23
55,Employee_55,HR,Junior,62470.57157617412,16,4.191667833401417,2021-07-09
56,Employee_56,Engineering,Manager,93926.40004548542,2,1.7698567915883763,2018-01-07
57,Employee_57,Marketing,Director,92248.50692240217,16,4.23684250243834,2022-01-22
58,Employee_58,HR,Manager,69994.5833377086,11,4.0644107088481976,2019-01-09
59,Employee_59,Sales,Director,92085.36683900077,11,3.704755501662677,2019-04-27
60,Employee_60,Sales,Senior,40000.0,19,2.1158222990836113,2018-08-11
61,Employee_61,Sales,Senior,77595.73087581745,9,2.878580872650352,2021-01-10
62,Employee_62,Finance,Senior,96517.13553421576,6,2.5665417843727467,2019-05-31
63,Employee_63,Finance,Senior,54178.418121136616,9,1.8879932483943274,2020-12-20
64,Employee_64,HR,Director,54091.536587592804,17,3.4976678788681643,2018-08-10
65,Employee_65,HR,Junior,40000.0,5,2.861742302845776,2018-12-16
66,Employee_66,HR,Lead,114747.38987026735,6,5.0,2022-05-05
67,Employee_67,Finance,Lead,56996.15057446083,16,3.3649824484496724,2018-08-17
68,Employee_68,HR,Senior,81026.08194655279,11,4.535002524692768,2018-10-18
69,Employee_69,Engineering,Junior,90097.92603708437,16,2.2447207802454203,2018-10-21
70,Employee_70,Marketing,Manager,112801.69872853633,17,3.075928331196104,2020-03-21
71,Employee_71,Sales,Junior,71152.55565035912,13,3.577518300827452,2021-05-02
72,Employee_72,Sales,Manager,61514.25515553953,10,2.7734768411138635,2020-08-14
73,Employee_73,Engineering,Lead,79326.69121426383,1,3.1622394521562045,2022-02-07
74,Employee_74,HR,Junior,107102.00691355717,0,3.325639275005169,2021-07-05
75,Employee_75,Finance,Junior,70745.6867149804,10,3.3128736116440844,2022-03-11
76,Employee_76,HR,Lead,51128.27296039809,1,4.984094858428277,2019-01-24
77,Employee_77,HR,Junior,40000.0,15,3.802581028345208,2019-09-08
78,Employee_78,Sales,Manager,44467.56538486937,2,3.8836084503530426,2021-11-23
79,Employee_79,Sales,Junior,96609.78743516663,19,3.931723819476056,2019-01-02
80,Employee_80,Finance,Manager,66984.38809232971,0,3.99010110186969,2019-10-21
81,Employee_81,Sales,Senior,59811.97725198223,19,3.433690412900108,2018-10-18
82,Employee_82,HR,Junior,57100.81942040144,7,3.243402902816923,2022-11-29
83,Employee_83,Engineering,Manager,77126.14650500455,18,3.633452847614622,2021-08-26
84,Employee_84,Finance,Lead,69013.6226558604,0,4.425443159130778,2021-07-26
85,Employee_85,Engineering,Senior,68171.69640701868,4,4.400990550749107,2022-01-28
86,Employee_86,HR,Junior,108733.09819526848,0,3.3076812194492713,2018-07-09
87,Employee_87,Finance,Manager,113450.40704654083,10,4.114274955734489,2020-07-07
88,Employee_88,Engineering,Junior,40000.0,8,3.3443322695682656,2021-04-17
89,Employee_89,Finance,Manager,83189.81827857393,4,3.5270964395481954,2022-04-02
90,Employee_90,HR,Junior,55578.447534465195,1,3.121181294756642,2020-07-13
91,Employee_91,Finance,Senior,68793.72215347266,12,3.3546838888750132,2020-09-15
92,Employee_92,HR,Senior,82731.95962816736,17,4.573064055639744,2019-01-11
93,Employee_93,Finance,Junior,69682.00207672702,11,3.573936917871389,2022-06-11
94,Employee_94,Finance,Junior,80761.49701569082,13,3.6082260068418543,2020-01-31
95,Employee_95,Sales,Director,91824.25515079794,4,2.3422257765936334,2022-01-18
96,Employee_96,HR,Junior,82364.420013508,9,3.2526048738938163,2018-08-06
97,Employee_97,Marketing,Junior,58829.09239580941,19,3.306948077004217,2020-12-02
98,Employee_98,Finance,Senior,59270.0098257419,1,2.836685211645276,2018-07-14
99,Employee_99,Engineering,Junior,40000.0,3,3.517332329362851,2021-09-13
100,Employee_100,Sales,Lead,53651.99256198204,11,3.1566541678178766,2021-10-29
101,Employee_101,Sales,Junior,124051.7090474632,10,3.5639966841948656,2022-01-29
102,Employee_102,Finance,Director,55199.91064761889,3,3.5972024078551477,2018-06-13
103,Employee_103,Marketing,Manager,45165.529688904506,10,2.7353965137418843,2018-10-04
104,Employee_104,Sales,Senior,82998.19654611933,8,3.1810385740134484,2018-12-31
105,Employee_105,HR,Lead,72240.8810177035,9,3.561899426208667,2022-07-25
106,Employee_106,Finance,Manager,70110.16907876937,5,4.4474395449253805,2020-02-15
107,Employee_107,Finance,Lead,110226.14916030224,14,3.7053753382365926,2019-04-26
108,Employee_108,Marketing,Senior,88728.16688895914,9,2.9704518560660578,2019-11-21
109,Employee_109,HR,Director,61750.17670741311,5,3.819203807395082,2019-04-06
110,Employee_110,HR,Senior,64388.1020602055,0,4.866039111457408,2021-07-13
111,Employee_111,Marketing,Lead,62435.337152357875,19,4.233365178071215,2019-06-24
112,Employee_112,Engineering,Lead,96868.49053950643,3,3.938021224348496,2020-09-01
113,Employee_113,HR,Senior,67296.30926367156,13,4.080472140385857,2021-11-11
114,Employee_114,Engineering,Junior,40000.0,19,4.651963233142904,2018-03-27
115,Employee_115,Engineering,Senior,73792.0080316414,19,4.360501435214128,2022-09-29
116,Employee_116,Finance,Director,40000.0,7,3.9534083048941264,2021-09-02
117,Employee_117,Finance,Senior,129605.76504387254,10,4.354913775672068,2018-09-01
118,Employee_118,Sales,Manager,50858.302153819226,14,2.6346791229887514,2022-02-02
119,Employee_119,Finance,Junior,70953.38086605673,18,2.298187798127775,2020-05-30
120,Employee_120,HR,Manager,81455.06836752842,7,3.625678920515064,2021-09-28
121,Employee_121,HR,Senior,67783.54598301924,12,3.5549445677204305,2021-04-16
122,Employee_122,Engineering,Junior,67749.23996334519,17,3.064871957189394,2021-02-28
123,Employee_123,HR,Manager,85545.68215402192,16,4.160682135862167,2019-10-20
124,Employee_124,Finance,Manager,113155.39896990696,5,2.009709130839011,2021-01-12
125,Employee_125,Finance,Junior,94187.72704543243,14,3.072182195153757,2021-10-16
126,Employee_126,Finance,Junior,111962.84696433858,12,3.112035564097908,2018-03-30
127,Employee_127,Marketing,Lead,48834.52229766245,17,2.1909585719204325,2022-04-06
128,Employee_128,HR,Junior,82934.06583138404,10,4.695784805815443,2020-01-13
129,Employee_129,Sales,Senior,78881.15130145698,12,2.4126389850693415,2020-09-12
130,Employee_130,HR,Director,83777.28229191837,0,3.0293279541538514,2022-07-21
131,Employee_131,HR,Lead,109405.79926588932,17,4.226383806244107,2019-04-17
132,Employee_132,Marketing,Junior,69480.27125519865,4,4.016836274742985,2022-03-03
133,Employee_133,HR,Director,64862.41583614781,5,2.6134602428122027,2022-03-12
134,Employee_134,Engineering,Lead,88349.5199354666,0,4.045991367408509,2021-10-10
135,Employee_135,Finance,Senior,40000.0,6,3.7318275829265777,2019-02-21
136,Employee_136,Finance,Director,69078.69877194554,3,5.0,2020-12-11
137,Employee_137,Marketing,Junior,71645.05776786368,8,3.8231523328546437,2022-06-13
138,Employee_138,Finance,Junior,51991.03459232687,14,3.3870065431451746,2019-11-14
139,Employee_139,Engineering,Senior,101426.47528391442,5,2.814798434304462,2020-12-23
140,Employee_140,Marketing,Lead,48443.99206641789,16,2.904605306435543,2021-01-18
141,Employee_141,Sales,Director,71603.1737909051,19,2.8393847236254737,2022-09-22
142,Employee_142,Finance,Senior,82328.93063307421,17,4.596879051129537,2021-04-29
143,Employee_143,HR,Lead,108836.28903690296,3,3.5143759320131767,2020-06-18
144,Employee_144,Engineering,Manager,74736.08912797867,8,3.952197699179784,2019-08-25
145,Employee_145,Engineering,Manager,98403.83985320527,13,4.7113980799847095,2021-10-04
146,Employee_146,Finance,Lead,92514.88493192819,2,1.613228686234028,2022-04-12
147,Employee_147,Sales,Junior,78086.43890422856,0,4.5230990117603,2021-04-15
148,Employee_148,HR,Junior,47762.16479316361,10,3.5443175294266673,2021-10-20
149,Employee_149,Sales,Manager,40000.0,0,3.8480386973123557,2020-02-16
150,Employee_150,Sales,Junior,77662.63503547966,11,2.837277422601399,2020-06-20
151,Employee_151,Finance,Junior,61432.57815243466,8,2.8959004812411853,2022-04-28
152,Employee_152,HR,Lead,97981.52729203229,4,3.89107671185039,2019-04-29
153,Employee_153,Finance,Lead,93646.41295246444,14,5.0,2021-02-17
154,Employee_154,Finance,Junior,70384.72513907375,17,4.3026506502519215,2018-06-19
155,Employee_155,Engineering,Lead,46057.176901468265,8,4.512418337134832,2022-07-03
156,Employee_156,Finance,Director,87768.38874018184,12,3.346398983790864,2018-05-28
157,Employee_157,Marketing,Manager,49551.26384662124,12,3.0198366203314975,2022-09-09
158,Employee_158,HR,Director,56038.40192672837,12,2.8753560387368053,2022-01-01
159,Employee_159,Engineering,Director,50514.606544621136,9,3.1093810202426497,2019-03-16
160,Employee_160,HR,Junior,71537.47445150117,9,1.8577740534635796,2020-06-07
161,Employee_161,Engineering,Junior,104254.80835176403,6,2.9200645256867186,2021-04-28
162,Employee_162,Marketing,Director,74873.97824441179,4,3.0517174751521257,2018-06-10
163,Employee_163,Finance,Director,63919.532689307605,19,3.359713460484127,2020-03-25
164,Employee_164,Engineering,Senior,40000.0,6,3.6054000877978334,2019-02-07
165,Employee_165,Engineering,Senior,88803.11461824608,19,3.789960694900489,2019-08-10
166,Employee_166,Engineering,Manager,55489.884851784314,9,3.488059702045632,2020-05-14
167,Employee_167,Marketing,Director,77937.94047895241,9,3.0348455309257942,2020-11-08
168,Employee_168,HR,Lead,66144.53460208398,12,1.9293130853875835,2018-05-21
169,Employee_169,Marketing,Senior,95954.43048998594,14,3.0397531132785653,2021-02-13
170,Employee_170,Engineering,Junior,71069.09019928619,5,2.722039489850396,2018-11-25
171,Employee_171,Engineering,Director,73526.84113692371,19,3.8728533986228832,2018-08-14
172,Employee_172,Finance,Lead,87143.6786863865,11,4.227429917354955,2019-07-13
173,Employee_173,Marketing,Lead,127673.50455657965,18,4.250856853647951,2019-03-16
174,Employee_174,Marketing,Lead,97211.17325896386,10,4.105562188902256,2022-04-24
175,Employee_175,Sales,Junior,72784.84734128477,5,3.3931794116380094,2022-10-09
176,Employee_176,HR,Senior,75079.9497653822,0,3.0824355476192826,2019-01-22
177,Employee_177,Sales,Lead,61878.51349188914,1,2.902317797066347,2019-06-06
178,Employee_178,Sales,Senior,51250.10741200762,14,2.2940008667185996,2021-07-01
179,Employee_179,HR,Manager,61181.23032334195,3,4.293482960406286,2019-09-13
180,Employee_180,Finance,Junior,55696.27590720144,4,3.3602311696560205,2021-01-27
181,Employee_181,Finance,Senior,91334.20959489714,14,2.502927765103301,2020-02-27
182,Employee_182,HR,Senior,48220.128553275346,10,2.838806899431812,2020-12-31
183,Employee_183,HR,Lead,108330.2640345011,9,2.8064212348539583,2019-07-06
184,Employee_184,Marketing,Lead,93801.15959047074,16,3.5344195880121014,2019-03-24
185,Employee_185,Marketing,Junior,75512.54323419172,1,4.353974280856549,2021-01-19
186,Employee_186,Marketing,Senior,75007.96528662671,19,3.2216083603235335,2021-12-25
187,Employee_187,Marketing,Director,61067.96725963617,9,1.6979731881730806,2021-05-28
188,Employee_188,Engineering,Lead,81752.1102836941,19,3.348655731872864,2018-04-18
189,Employee_189,Engineering,Lead,102202.31158021472,2,3.3750448799222434,2022-02-09
190,Employee_190,Finance,Manager,57421.088443604654,18,3.3200638152515825,2020-07-05
191,Employee_191,Engineering,Junior,40000.0,4,2.9980310668194385,2022-01-18
192,Employee_192,Engineering,Senior,92580.4563714186,2,3.673951264580674,2020-06-23
193,Employee_193,Marketing,Senior,83109.14935609502,7,3.5529128921192012,2022-06-21
194,Employee_194,Marketing,Senior,46995.02996397051,4,3.4801357486986824,2019-06-29
195,Employee_195,HR,Lead,56665.21572714705,11,3.8301130891543727,2021-02-24
196,Employee_196,Marketing,Junior,53522.39314874648,13,3.156133741481717,2021-03-17
197,Employee_197,HR,Senior,56886.69327414378,6,3.1107314642394774,2018-10-08
198,Employee_198,HR,Director,66907.93114897031,10,4.60409863166832,2018-01-25
199,Employee_199,Engineering,Manager,68336.31739298132,7,3.947484327772349,2020-08-10
200,Employee_200,Marketing,Manager,58730.1586232885,4,4.161556848754239,2022-10-12
201,Employee_201,Engineering,Senior,56045.9045125018,7,4.480883668267254,2018-05-01
202,Employee_202,Marketing,Lead,69280.39140201546,11,3.92075534449984,2022-12-16
203,Employee_203,Engineering,Manager,79192.28837148903,14,4.2427109433089365,2022-08-04
204,Employee_204,Engineering,Manager,67092.58659087888,18,2.2365238703437917,2021-08-14
205,Employee_205,Engineering,Manager,103966.67558353255,15,3.663323097596822,2020-05-05
206,Employee_206,Finance,Manager,87702.19286051966,13,3.353825230548538,2020-10-13
207,Employee_207,Engineering,Senior,40000.0,6,4.842147272719847,2020-08-02
208,Employee_208,Sales,Junior,88093.19413534633,7,4.2421164254426404,2021-01-11
209,Employee_209,Sales,Junior,90138.59956463956,6,2.9956438473654563,2019-03-25
210,Employee_210,Sales,Lead,64131.62579689522,17,3.798235326823365,2022-10-11
211,Employee_211,HR,Director,40000.0,5,3.634145066759392,2020-09-23
212,Employee_212,Engineering,Junior,75201.6689852784,18,3.863465146521783,2022-02-03
213,Employee_213,Sales,Director,74807.2837129439,3,2.6849260245002786,2021-12-18
214,Employee_214,HR,Junior,46958.844086670135,2,3.7880131721905803,2022-04-19
215,Employee_215,Sales,Junior,40000.0,16,3.3174789205694126,2020-11-14
216,Employee_216,Marketing,Lead,72811.16133866401,18,3.7259598112444805,2020-12-21
217,Employee_217,Finance,Manager,69173.07019872945,14,2.920491867902264,2022-09-22
218,Employee_218,Engineering,Lead,64568.36586694016,5,3.0319494628827206,2018-03-26
219,Employee_219,Finance,Junior,72914.73163133596,11,4.439073616293362,2018-08-14
220,Employee_220,Finance,Manager,47430.59065449202,18,2.658761953327871,2022-09-01
221,Employee_221,Marketing,Manager,64129.484678347144,5,2.7177964791663616,2018-07-06
222,Employee_222,Marketing,Manager,88333.1257653587,10,3.4587349942275374,2019-01-11
223,Employee_223,Marketing,Director,66250.74799121778,19,2.8824876998512363,2018-03-14
224,Employee_224,HR,Junior,40000.0,19,2.791977094189761,2018-03-16
225,Employee_225,Sales,Senior,63182.693056910706,9,3.584060776966636,2021-09-27
226,Employee_226,Engineering,Lead,48246.03841232849,15,2.295947314477036,2018-06-03
227,Employee_227,Marketing,Director,81678.40741154327,17,2.6936302120690896,2018-04-07
228,Employee_228,Engineering,Lead,82970.93508451064,13,5.0,2022-05-09
229,Employee_229,Engineering,Senior,40000.0,3,3.867580047175207,2019-03-22
230,Employee_230,Engineering,Manager,93975.32426455473,11,2.902749318184071,2022-09-07
231,Employee_231,Marketing,Senior,47195.34246803604,19,3.8345720626129576,2021-02-08
232,Employee_232,Marketing,Lead,113979.55726205878,7,3.9538643815893035,2022-01-22
233,Employee_233,Sales,Senior,73780.59338748458,6,4.295531536072191,2020-04-08
234,Employee_234,Marketing,Junior,43840.16253652094,8,3.3982751764346157,2020-12-11
235,Employee_235,Marketing,Senior,46450.34823268296,16,4.2811981622183115,2019-01-13
236,Employee_236,Engineering,Junior,83702.38229468362,9,1.8692427800942617,2020-02-05
237,Employee_237,Sales,Senior,65217.50275254056,2,2.6549534956193974,2021-01-02
238,Employee_238,Finance,Junior,72583.65225954648,7,3.6310971213891645,2018-08-01
239,Employee_239,Marketing,Junior,115319.50581742598,13,3.763706826246233,2021-12-27
240,Employee_240,Marketing,Senior,57518.89839427312,6,2.7705741698650868,2019-12-26
241,Employee_241,Finance,Director,76499.07144239267,15,3.707535993010527,2022-11-23
242,Employee_242,Engineering,Manager,110496.11218432632,17,3.000927801050192,2021-04-07
243,Employee_243,Sales,Manager,81762.83688666,10,3.2784327246182676,2020-02-15
244,Employee_244,Engineering,Manager,40000.0,5,4.319819040532009,2018-11-28
245,Employee_245,HR,Junior,87634.72529330342,19,4.22714999751088,2022-11-02
246,Employee_246,Marketing,Manager,45924.9285554139,13,2.7023517381093902,2020-01-22
247,Employee_247,HR,Junior,110170.18821832413,12,2.6541988303839177,2022-12-17
248,Employee_248,Marketing,Director,54428.30987505055,3,3.171061283557347,2022-02-27
249,Employee_249,HR,Senior,149237.73769364163,19,3.47860295906166,2021-03-13
250,Employee_250,Finance,Senior,111684.39970819195,19,2.973681209140207,2022-05-26
251,Employee_251,Marketing,Junior,55084.68575930053,10,4.332513954239735,2022-01-09
252,Employee_252,Marketing,Junior,75500.34512504026,17,3.777911873366844,2020-04-04
253,Employee_253,HR,Director,93841.10704083659,0,3.824868087899543,2019-01-30
254,Employee_254,Sales,Manager,94591.51185566769,11,2.4867689368440224,2019-05-28
255,Employee_255,HR,Director,86058.40649940493,17,4.433832573907024,2019-11-18
256,Employee_256,Marketing,Senior,106303.97592415275,6,1.2438649422074473,2019-09-14
257,Employee_257,Marketing,Senior,71925.77633414076,11,4.167244361479495,2022-10-06
258,Employee_258,Sales,Manager,65832.05828559917,0,4.247449390136617,2022-09-18
259,Employee_259,Engineering,Senior,66328.40030188473,3,3.154079050177631,2021-09-14
260,Employee_260,Sales,Junior,96459.33079930318,17,4.518328173797939,2019-08-28
261,Employee_261,Engineering,Senior,84129.52600756615,14,3.449521957636523,2021-07-07
262,Employee_262,Marketing,Lead,82282.0916422564,2,3.5499453626619544,2022-01-01
263,Employee_263,Finance,Manager,94880.85623142956,6,3.771623029923373,2019-12-20
264,Employee_264,Finance,Manager,40000.0,5,5.0,2022-05-08
265,Employee_265,HR,Manager,82751.72059687876,14,4.575547126466404,2018-12-16
266,Employee_266,Sales,Lead,80464.2222218429,14,4.060904960570334,2022-09-14
267,Employee_267,Sales,Director,116720.20203251763,5,2.769756410719044,2019-05-31
268,Employee_268,Finance,Junior,40000.0,7,3.6148718603835936,2022-01-13
269,Employee_269,Engineering,Manager,113929.66580941895,7,2.8495007249228905,2019-02-04
270,Employee_270,Sales,Senior,76885.22822311665,0,4.1576886778262505,2022-06-09
271,Employee_271,Engineering,Junior,87224.73826650112,12,3.6123735805878856,2018-08-03
272,Employee_272,Engineering,Senior,116897.96969023441,12,2.600382656308884,2022-04-20
273,Employee_273,Engineering,Junior,89019.03170013933,10,3.5648996667348025,2019-07-17
274,Employee_274,Engineering,Junior,85009.20723656402,3,2.8204660242269557,2021-08-06
275,Employee_275,HR,Senior,81057.27964505796,6,3.620972977070038,2021-07-07
276,Employee_276,HR,Senior,62913.046625140574,11,2.812738146907795,2018-09-16
277,Employee_277,Finance,Junior,74287.77188724017,12,3.52199010668865,2021-11-13
278,Employee_278,HR,Manager,57112.18084693128,11,4.100375889548076,2022-12-14
279,Employee_279,Sales,Senior,73885.82751436294,15,3.457558406459915,2019-11-26
280,Employee_280,HR,Lead,40000.0,5,3.187289386262089,2022-04-19
281,Employee_281,Sales,Lead,85725.98918918871,13,3.66262097684597,2021-07-13
282,Employee_282,Sales,Junior,71956.56865540937,18,4.057746096634283,2021-08-30
283,Employee_283,Engineering,Director,66594.9065833309,15,2.6142533840945914,2020-11-30
284,Employee_284,Finance,Junior,80493.95209850358,3,3.708524923764162,2020-09-25
285,Employee_285,Engineering,Junior,40000.0,4,4.55403265521392,2020-03-31
286,Employee_286,Engineering,Manager,123231.74991553207,8,3.958925570621372,2018-07-30
287,Employee_287,HR,Manager,72430.81346281001,2,3.546203317333782,2018-09-30
288,Employee_288,HR,Director,71353.88917569527,9,4.011790005359116,2021-03-06
289,Employee_289,Sales,Director,50865.09474667694,16,3.861997164882146,2019-08-23
290,Employee_290,HR,Director,75598.65956123153,18,4.102880887327851,2020-12-20
291,Employee_291,HR,Director,109673.99725683201,9,1.8808547112136444,2022-03-15
292,Employee_292,Marketing,Director,100897.90523580085,11,2.257235093069388,2022-08-28
293,Employee_293,Sales,Junior,96360.9437785139,6,4.30386331958659,2022-03-20
294,Employee_294,Sales,Junior,88659.9737916818,17,2.2957766590708473,2020-11-05
295,Employee_295,Marketing,Lead,66036.43681093476,18,3.821230908575364,2022-06-27
296,Employee_296,Sales,Lead,40000.0,14,3.2183602751741667,2020-10-20
297,Employee_297,Finance,Senior,69974.03070333412,6,2.7030486035232024,2018-09-13
298,Employee_298,Finance,Junior,69103.21338665807,11,3.779719805717979,2020-01-08
299,Employee_299,Marketing,Director,101219.86099178102,6,3.6608268029732565,2019-12-24
300,Employee_300,HR,Senior,82734.7610614955,9,5.0,2019-06-20
301,Employee_301,Finance,Manager,115307.7881975887,19,3.0001510363712884,2021-06-13
302,Employee_302,Marketing,Junior,104937.21350095436,9,4.652088096055339,2021-03-01
303,Employee_303,Finance,Lead,63587.60976239761,4,3.7819383315074515,2022-08-22
304,Employee_304,Engineering,Junior,40000.0,17,2.9711824947658303,2022-09-06
305,Employee_305,Marketing,Junior,109639.38084853702,8,4.139397166013796,2020-10-21
306,Employee_306,Sales,Junior,108984.6305807686,15,3.952590803563161,2018-01-18
307,Employee_307,Finance,Junior,40844.710227444346,6,3.5286746358864396,2020-06-01
308,Employee_308,Sales,Manager,112731.00049568752,9,3.7130362851524987,2020-08-12
309,Employee_309,Marketing,Lead,84552.92926481295,4,3.0224103751635747,2020-04-06
310,Employee_310,Finance,Junior,79017.13745314133,6,2.8393702997963945,2020-09-19
311,Employee_311,Sales,Manager,115369.58135618317,4,4.1075537390580665,2020-05-28
312,Employee_312,HR,Senior,108617.12933076537,14,3.3208484605493807,2018-07-05
313,Employee_313,HR,Junior,91283.2737998801,18,3.435933601400726,2021-11-16
314,Employee_314,Engineering,Manager,86830.42664529957,9,3.723857276755422,2021-12-18
315,Employee_315,Marketing,Director,90409.85726325898,7,3.7122306758270467,2022-01-06
316,Employee_316,Sales,Senior,64998.56415293685,8,2.356538823220748,2022-09-17
317,Employee_317,Engineering,Lead,73622.46375669197,10,4.529001669163887,2022-08-07
318,Employee_318,Marketing,Junior,52442.07113513644,1,3.5969457215205427,2022-04-30
319,Employee_319,HR,Junior,66674.00560652703,2,3.3378773897422804,2020-11-02
320,Employee_320,Sales,Manager,65834.15303327667,12,3.8446768041357973,2022-03-25
321,Employee_321,Finance,Lead,59117.365759458386,10,3.6892337548918905,2018-03-22
322,Employee_322,HR,Director,78418.66256621158,9,4.113650151591762,2020-03-20
323,Employee_323,Finance,Senior,66900.47873248557,14,3.930386937720753,2022-08-26
324,Employee_324,Finance,Lead,87555.86800879934,5,4.074276983197014,2018-10-30
325,Employee_325,Sales,Junior,40000.0,0,4.580795124582012,2021-05-25
326,Employee_326,Sales,Manager,72166.13014731751,13,4.206899639176777,2021-06-26
327,Employee_327,Finance,Director,78288.79100443739,17,3.3716110237371497,2022-04-15
328,Employee_328,Engineering,Manager,67234.26900407799,10,2.601679075138534,2021-07-20
329,Employee_329,Finance,Senior,70690.18250476921,7,4.834238346403612,2018-05-14
330,Employee_330,Finance,Lead,40000.0,2,3.3098213013223097,2020-10-26
331,Employee_331,Sales,Manager,83911.9276167373,13,3.121514069311582,2020-01-27
332,Employee_332,Marketing,Manager,91190.14956417677,1,2.1106185457884483,2022-04-16
333,Employee_333,HR,Junior,87338.43235509418,15,3.770778484249689,2019-09-22
334,Employee_334,Sales,Manager,100968.17648605457,5,3.619109283163016,2022-09-11
335,Employee_335,Engineering,Director,80038.24014456254,0,2.2879080510004153,2020-10-07
336,Employee_336,HR,Lead,86967.02951627343,13,3.862619233706541,2020-02-13
337,Employee_337,Sales,Senior,78902.2684614213,9,3.1014464634388488,2022-11-07
338,Employee_338,Sales,Manager,92188.76798981236,5,5.0,2018-05-22
339,Employee_339,Marketing,Director,40000.0,8,3.0445110463273055,2019-04-29
340,Employee_340,Engineering,Senior,52660.47580054973,6,3.1518453342417656,2021-08-22
341,Employee_341,Engineering,Director,114672.49142582728,1,2.800179020596506,2018-12-12
342,Employee_342,Sales,Manager,40000.0,10,4.522301216833577,2022-05-06
343,Employee_343,Marketing,Manager,71495.5517543664,13,3.2017793644281975,2021-07-18
344,Employee_344,Sales,Lead,104306.8739902017,4,2.9200686769876025,2021-02-06
345,Employee_345,Finance,Junior,72668.48336145589,8,4.065564007936434,2022-05-02
346,Employee_346,Finance,Director,64874.72321373256,6,2.3957176516694516,2019-04-20
347,Employee_347,Marketing,Junior,78235.54192038251,13,4.000088436999158,2021-01-11
348,Employee_348,Sales,Junior,66171.99549993884,15,4.925119773280686,2022-07-21
349,Employee_349,Marketing,Senior,75771.23731892348,15,3.953286266268071,2021-01-13
350,Employee_350,Sales,Senior,57915.47408699676,6,4.01031865300794,2021-08-07
351,Employee_351,Sales,Director,102716.8604988931,9,4.196048173525988,2020-12-31
352,Employee_352,Finance,Junior,110581.62302664152,5,4.867766422940415,2018-06-25
353,Employee_353,HR,Lead,71665.24194720943,16,4.467915168015283,2020-04-22
354,Employee_354,Engineering,Junior,40337.76448271892,0,3.851735777818419,2022-01-27
355,Employee_355,Engineering,Senior,61903.92074216512,1,4.223113120508801,2021-11-20
356,Employee_356,Marketing,Junior,70400.28349742589,13,2.7912520596279116,2020-05-16
357,Employee_357,Engineering,Manager,87638.4719225802,3,4.121034872597858,2021-01-20
358,Employee_358,Finance,Manager,49799.66942073305,8,2.695555223053002,2019-04-15
359,Employee_359,HR,Lead,55770.94203394623,5,3.2063820650946986,2021-12-29
360,Employee_360,Sales,Director,87766.90344647018,16,1.0339502598854098,2021-06-27
361,Employee_361,Sales,Junior,98472.72080098894,10,3.8211437274939697,2019-10-07
362,Employee_362,Finance,Manager,59460.1488707329,3,2.9849023911133177,2019-11-13
363,Employee_363,Engineering,Director,41669.5736512251,8,4.3889161721635706,2020-08-13
364,Employee_364,Sales,Manager,157102.9550321971,15,3.812154088484322,2022-05-16
365,Employee_365,Engineering,Director,94582.60592721784,2,4.3992767157613,2020-04-29
366,Employee_366,Finance,Director,68324.9059558242,3,2.63312276426197,2018-08-30
367,Employee_367,Sales,Manager,96725.781888271,2,4.330708829727706,2019-12-04
368,Employee_368,Marketing,Senior,71888.58425713945,12,5.0,2022-03-01
369,Employee_369,HR,Director,96678.92222750466,18,4.111326639945515,2018-12-07
370,Employee_370,Engineering,Junior,78984.82994440556,0,4.132279206953831,2020-03-04
371,Employee_371,Engineering,Manager,77281.79745418933,5,3.6356781411159482,2020-01-15
372,Employee_372,Engineering,Senior,72160.45329423029,2,3.0802649755477085,2022-02-04
373,Employee_373,Engineering,Manager,40000.0,2,4.108953898161207,2019-04-09
374,Employee_374,Finance,Lead,123452.37248482849,15,2.2951336716783453,2020-03-12
375,Employee_375,Finance,Junior,51461.65199330641,9,3.1657959000633467,2021-07-23
376,Employee_376,Finance,Lead,40999.41059223514,16,2.083154558130254,2018-01-16
377,Employee_377,Finance,Director,69678.50293109081,6,2.9370748981479338,2020-12-01
378,Employee_378,Sales,Director,50963.20466223733,12,4.013636073514849,2018-07-28
379,Employee_379,Finance,Lead,73707.18023599322,10,3.9043147009763706,2020-12-20
380,Employee_380,Sales,Lead,92194.09621404421,9,3.540730956428378,2019-01-01
381,Employee_381,Marketing,Director,99882.57251323058,6,3.6363207952496093,2021-06-18
382,Employee_382,Finance,Senior,95368.26804054204,5,1.9913083057086325,2019-09-01
383,Employee_383,Marketing,Junior,67359.19863035799,0,3.201950175543268,2022-12-20
384,Employee_384,Finance,Manager,76239.79569153965,16,2.954918714851832,2018-06-10
385,Employee_385,Marketing,Lead,85196.97627243727,11,2.9727522475883674,2019-02-02
386,Employee_386,HR,Junior,40000.0,3,3.9796629022510026,2020-03-05
387,Employee_387,Marketing,Manager,89264.6175029965,2,2.8115941387957513,2019-05-16
388,Employee_388,Sales,Manager,40000.0,5,3.0162553198980713,2018-07-29
389,Employee_389,Engineering,Lead,126008.66497266223,15,1.830344603432387,2021-03-03
390,Employee_390,Marketing,Senior,64887.122883957614,12,3.2647014556990643,2021-11-06
391,Employee_391,Engineering,Senior,70378.12057013522,8,2.629729961829104,2019-03-10
392,Employee_392,HR,Junior,55757.32251905362,10,3.5633623429517147,2019-09-02
393,Employee_393,HR,Junior,59250.74920360776,19,2.739113562606028,2022-10-22
394,Employee_394,Sales,Director,131852.339228581,12,3.583633796439373,2019-01-25
395,Employee_395,Sales,Senior,98509.24221558245,18,3.3842513914061256,2020-09-24
396,Employee_396,Marketing,Junior,40000.0,2,4.837633418433857,2019-08-07
397,Employee_397,Finance,Director,112605.32251713074,11,3.897774384362555,2019-03-09
398,Employee_398,HR,Manager,104831.05687853579,18,2.0282897019501576,2021-07-22
399,Employee_399,Engineering,Junior,67969.68844279279,7,2.4880889247178333,2018-12-18
400,Employee_400,Finance,Director,82667.42355074594,13,3.5441664071938668,2018-05-15
401,Employee_401,HR,Senior,74626.39801447315,8,2.7561216412858793,2020-12-26
402,Employee_402,Marketing,Manager,124314.49761117331,16,1.1253052558113181,2019-10-02
403,Employee_403,HR,Junior,55092.74527519774,5,4.579637051066995,2021-05-14
404,Employee_404,Sales,Senior,78650.26524439317,3,4.076179213524326,2021-08-15
405,Employee_405,Engineering,Manager,64296.36672517989,3,3.916781498793417,2018-04-28
406,Employee_406,Engineering,Lead,40000.0,18,3.014141563623268,2021-07-15
407,Employee_407,Sales,Senior,129790.95637637468,11,3.8421414168079435,2022-12-24
408,Employee_408,Finance,Lead,45460.83552243969,1,2.9365117406232946,2018-05-30
409,Employee_409,Sales,Junior,80503.2296871944,16,3.6638858401741525,2021-05-03
410,Employee_410,Engineering,Director,40000.0,14,2.763533419330818,2022-09-01
411,Employee_411,Marketing,Junior,65023.23651892267,9,4.713030760444811,2018-06-29
412,Employee_412,Finance,Senior,85549.22053583643,2,2.2438106767345243,2018-05-29
413,Employee_413,HR,Lead,54381.65051244093,19,4.485827063608665,2019-04-11
414,Employee_414,Marketing,Lead,89670.04626839138,3,3.531132662413864,2020-09-03
415,Employee_415,Finance,Manager,68273.97270279794,0,3.1084264037264075,2019-07-24
416,Employee_416,Engineering,Junior,104002.06280996533,0,3.633602337356591,2020-10-26
417,Employee_417,Engineering,Junior,109044.02283350559,17,4.0866784057425445,2019-06-11
418,Employee_418,Marketing,Senior,60331.38098174971,3,4.593397389355518,2018-10-08
419,Employee_419,Finance,Lead,76918.32148482391,14,3.7505144185068255,2019-05-15
420,Employee_420,HR,Senior,79586.35566180582,9,2.787443131790178,2020-04-16
421,Employee_421,HR,Senior,90483.73238586746,16,3.544504099012631,2019-03-13
422,Employee_422,Sales,Lead,75359.54990610664,11,4.953434589329898,2020-03-27
423,Employee_423,Marketing,Senior,79755.27398357105,19,4.578142468410099,2021-05-25
424,Employee_424,Finance,Lead,68914.838130122,11,4.227010782499487,2019-11-19
425,Employee_425,Marketing,Senior,77880.99667430046,15,4.136549616097909,2020-04-08
426,Employee_426,HR,Director,107448.50483837831,4,4.059560072485233,2020-08-27
427,Employee_427,Finance,Senior,91152.08103029637,15,4.427003867607896,2022-03-20
428,Employee_428,Engineering,Senior,92531.39098608423,16,3.1346969714224757,2021-03-07
429,Employee_429,Engineering,Director,93076.75810338945,14,2.415931147379995,2019-09-05
430,Employee_430,Finance,Junior,71154.78055297412,12,3.555202800589649,2019-08-19
431,Employee_431,Marketing,Lead,82970.67608948826,7,2.845934730577847,2021-07-28
432,Employee_432,Marketing,Manager,47870.65804160638,1,2.6559833956982524,2018-05-13
433,Employee_433,Engineering,Director,106720.19140792392,7,2.9237771387296547,2019-01-29
434,Employee_434,Engineering,Junior,40000.0,9,5.0,2019-04-27
435,Employee_435,HR,Senior,72821.29019161437,6,3.6088997072606754,2022-03-18
436,Employee_436,Finance,Junior,103522.39942875685,9,3.7895262690887903,2019-09-21
437,Employee_437,Marketing,Director,40903.301659266464,3,2.5221097543965967,2019-02-24
438,Employee_438,HR,Senior,84994.49794042128,10,2.024997632965896,2021-05-11
439,Employee_439,Marketing,Junior,57980.83883552433,8,2.844757885504955,2019-10-15
440,Employee_440,Engineering,Manager,65779.91837027828,3,4.650556468166998,2019-10-21
441,Employee_441,Finance,Lead,98648.52401598595,2,3.767420372861217,2019-04-08
442,Employee_442,Sales,Lead,79951.42314712875,10,3.9788760731555137,2022-12-08
443,Employee_443,Finance,Director,40000.0,2,4.090852831361649,2021-05-11
444,Employee_444,Sales,Senior,50589.36150671004,17,3.026920496161378,2018-06-02
445,Employee_445,HR,Senior,99383.39337221898,18,4.610372467178694,2018-08-11
446,Employee_446,Sales,Lead,86223.56795482495,13,2.9937539206222543,2018-03-21
447,Employee_447,Sales,Junior,118703.38931310711,10,4.624985887410042,2021-05-09
448,Employee_448,HR,Senior,117066.18985033243,1,3.8538417249082726,2022-11-22
449,Employee_449,Finance,Manager,66443.8717463302,1,2.0687638766029424,2018-04-10
450,Employee_450,HR,Manager,137580.9451267372,1,2.901592410719572,2020-07-01
451,Employee_451,Engineering,Senior,75611.99174629778,9,2.0720491737023163,2018-08-02
452,Employee_452,Engineering,Senior,50933.286639774364,14,4.430625706235367,2021-03-13
453,Employee_453,Sales,Lead,59159.003352235566,11,3.4802116633580793,2019-12-04
454,Employee_454,HR,Director,40000.0,10,1.7173260480401757,2021-11-14
455,Employee_455,HR,Lead,115175.47520623202,16,3.800597505375727,2021-10-30
456,Employee_456,HR,Director,114869.0497260966,17,3.070268590089344,2020-12-12
457,Employee_457,Finance,Manager,49612.31402966697,13,2.312955315973342,2020-08-25
458,Employee_458,Marketing,Director,69302.89279045236,16,4.842372669574957,2022-07-07
459,Employee_459,Marketing,Lead,77390.18860281444,14,3.585828692877263,2018-05-16
460,Employee_460,Marketing,Senior,50991.17369644716,11,3.26525487814935,2019-02-16
461,Employee_461,Finance,Director,40000.0,15,3.1804601752111865,2022-02-03
462,Employee_462,HR,Lead,69741.0599055772,5,2.289376424673782,2021-02-10
463,Employee_463,Marketing,Manager,66973.01426351882,1,2.456360880332712,2022-03-30
464,Employee_464,HR,Director,65289.71897528062,1,4.5279334279000665,2020-02-25
465,Employee_465,Sales,Manager,80567.90156502412,15,3.120893704171425,2022-11-05
466,Employee_466,Marketing,Manager,110737.99146314981,1,3.517654160749491,2020-12-04
467,Employee_467,Sales,Junior,67422.68200770686,7,1.86453561903914,2021-11-22
468,Employee_468,Finance,Director,79261.07496803407,6,2.4455263713635955,2022-05-29
469,Employee_469,Engineering,Lead,93171.76309362339,0,3.9878500158998023,2018-09-19
470,Employee_470,Finance,Director,88853.57316281872,3,3.802169408091067,2020-01-14
471,Employee_471,Finance,Director,59639.41188880396,10,4.902700158979452,2019-06-30
472,Employee_472,Finance,Manager,77409.4280778509,19,4.574365065304981,2019-01-24
473,Employee_473,Marketing,Manager,88688.49550422633,6,3.3154312220121414,2022-02-09
474,Employee_474,Sales,Manager,46791.21656223056,17,3.878362851770617,2021-12-05
475,Employee_475,Marketing,Manager,106588.4752699127,3,3.246717245677541,2022-05-24
476,Employee_476,Engineering,Lead,110789.72263035277,16,5.0,2018-01-17
477,Employee_477,Finance,Senior,56930.49361388766,10,4.41921175684192,2019-10-25
478,Employee_478,HR,Junior,79841.75045870422,10,3.635748072686201,2018-04-13
479,Employee_479,Engineering,Manager,91056.95641677579,19,3.6603158279010812,2021-04-25
480,Employee_480,Sales,Manager,61359.646091781186,10,4.655880229807846,2020-08-09
481,Employee_481,Engineering,Junior,87040.34614220237,14,3.963662277691078,2020-07-20
482,Employee_482,Marketing,Manager,79081.39065730413,13,4.746902413656069,2018-01-26
483,Employee_483,HR,Senior,40000.0,16,1.745081658992901,2021-01-01
484,Employee_484,Marketing,Director,86479.03289946396,1,3.8689826091990387,2022-06-06
485,Employee_485,Finance,Junior,47496.4395932241,17,3.087652108254892,2022-05-17
486,Employee_486,Finance,Lead,98480.07129155118,15,4.905102390102394,2018-01-19
487,Employee_487,Engineering,Junior,58219.72312165278,11,4.7371189497518635,2022-11-14
488,Employee_488,Finance,Senior,70967.86415847138,9,3.526268647281045,2019-07-25
489,Employee_489,Finance,Lead,109306.97283616438,15,4.728504783048825,2020-10-14
490,Employee_490,Sales,Director,87409.54116322113,2,4.926491615994005,2021-09-18
491,Employee_491,Sales,Manager,48013.15201063637,7,3.5595253375409177,2022-05-13
492,Employee_492,Marketing,Junior,49627.08573002291,1,5.0,2021-01-26
493,Employee_493,Marketing,Lead,60017.430284406866,0,3.474927077864222,2022-10-18
494,Employee_494,Sales,Junior,84866.10208391664,13,3.3283832397312727,2020-04-11
495,Employee_495,Engineering,Director,83957.49537331921,3,4.192698070867475,2020-11-02
496,Employee_496,Sales,Junior,53922.44238342827,3,3.216967415086149,2020-11-01
497,Employee_497,Marketing,Lead,45819.76285964102,8,3.568271820635915,2018-06-13
498,Employee_498,HR,Senior,82039.58512714585,2,4.6275475392407275,2021-07-31
499,Employee_499,Finance,Lead,70453.49835524595,4,3.5153750817738163,2022-10-20
500,Employee_500,HR,Junior,128930.39718619344,0,2.1439857656197536,2020-05-22
