SaleID,Date,Product,Region,Salesperson,Quantity,UnitPrice,Discount,TotalRevenue
1,2023-11-12,Product_A,North,Sales_3,35,65.42981569183834,0.04193149832804834,2194.0185919593027
2,2023-02-28,Product_C,West,Sales_10,53,50.898646611192554,0.17502463057803722,2225.476878930765
3,2023-08-01,Product_D,North,Sales_6,34,51.85631963786415,0.29550292434883385,1242.1092683228528
4,2023-06-05,Product_A,South,Sales_6,3,54.680931975901075,0.028875174971317683,159.30603149250663
5,2023-11-10,Product_D,West,Sales_20,68,62.87405645272808,0.08571942856973437,3908.9479217982525
6,2023-10-03,Product_D,West,Sales_2,5,31.055555946990157,0.26083773496136625,114.7754753790563
7,2023-07-29,Product_D,West,Sales_10,10,21.332610121092685,0.02168160367657108,208.70084923060344
8,2023-02-26,Product_A,North,Sales_6,52,41.488290781574726,0.2627657164100854,1590.5026972496637
9,2023-07-04,Product_B,North,Sales_17,29,77.0229261174828,0.15728579501242534,1882.341104518425
10,2023-02-23,Product_D,South,Sales_14,96,80.33261150131068,0.12248003217792774,6767.373183330545
11,2023-07-28,Product_D,East,Sales_5,31,77.46765703348831,0.09290416930543675,2178.388249971362
12,2023-12-08,Product_B,East,Sales_17,66,47.105279483589655,0.08913514743835256,2831.8318678118753
13,2023-10-20,Product_D,North,Sales_2,76,23.268273770227566,0.09174077473484363,1606.155447393138
14,2023-12-06,Product_C,West,Sales_9,91,14.854413475222387,0.2654409242880587,992.9414251668151
15,2023-10-31,Product_D,East,Sales_12,69,40.78942757675883,0.21713856905243564,2203.340405178869
16,2023-09-09,Product_C,East,Sales_19,37,47.028895547759596,0.20091690234934517,1390.4598347355347
17,2023-10-31,Product_B,North,Sales_7,27,69.50938101583938,0.23962474468560022,1427.0367600899485
18,2023-04-22,Product_A,South,Sales_9,87,63.017081893136684,0.07713439890124349,5059.597852989526
19,2023-01-06,Product_B,North,Sales_16,33,53.41107618487431,0.1854128436245267,1435.7632300568873
20,2023-07-10,Product_D,North,Sales_20,68,36.65232843588287,0.13801987168738528,2148.363356232052
21,2023-11-30,Product_C,West,Sales_11,59,35.58830662632665,0.23473249056005802,1606.8399118497248
22,2023-10-06,Product_A,North,Sales_12,64,53.81191530607153,0.09277683314198565,3124.4426379948463
23,2023-12-06,Product_D,West,Sales_15,85,60.4557646825959,0.1929535850609687,4147.201692706371
24,2023-01-13,Product_A,South,Sales_18,88,55.87821893368377,0.264663723545194,3615.8567672146883
25,2023-10-30,Product_A,West,Sales_19,44,34.48103060590018,0.1206451428584786,1334.1267166719263
26,2023-02-13,Product_D,South,Sales_16,95,59.76001443188129,0.019986626210238435,5563.733269305718
27,2023-04-15,Product_B,South,Sales_15,88,56.38866450652117,0.15481524670253782,4193.977875975135
28,2023-06-09,Product_D,South,Sales_5,49,33.94000390714733,0.10379174634210778,1490.4482699075606
29,2023-06-03,Product_D,North,Sales_11,53,38.235185445496164,0.2016676141641525,1617.7925014376883
30,2023-08-30,Product_B,West,Sales_15,74,60.3274396184235,0.2853098774245818,3190.541465950865
31,2023-06-30,Product_C,East,Sales_18,49,46.48238697281164,0.1456824953990541,1945.8251254788897
32,2023-01-14,Product_D,North,Sales_13,66,73.83720952454686,0.13985706904666015,4191.696551714734
33,2023-06-29,Product_A,South,Sales_4,95,57.516939140968645,0.19637544005743807,4391.092366108384
34,2023-10-19,Product_D,East,Sales_17,63,42.700532177160966,0.031049251078070304,2606.60689584278
35,2023-09-21,Product_D,North,Sales_4,25,49.84691599413601,0.07605185667750439,1151.3991370783597
36,2023-06-17,Product_A,East,Sales_16,4,50.950750889565775,0.27569379765011953,147.61577953478474
37,2023-08-02,Product_B,South,Sales_15,51,39.07414530137435,0.20098278400912986,1592.2666545922705
38,2023-05-30,Product_C,East,Sales_14,11,36.3111770273356,0.004033213195024876,397.81198939924275
39,2023-01-16,Product_C,East,Sales_12,17,60.52084840714249,0.061387641767705954,965.6954761760023
40,2023-04-01,Product_A,South,Sales_3,66,62.67909945563144,0.2048511798086697,3289.387990864826
41,2023-04-30,Product_B,East,Sales_10,70,59.05672204329438,0.22931976076877225,3185.9694070776764
42,2023-09-10,Product_D,North,Sales_8,73,72.72977141485703,0.2519578718022126,3971.5601084531027
43,2023-03-01,Product_D,East,Sales_6,69,41.87340145982597,0.08765304101461346,2636.0118634130063
44,2023-09-23,Product_D,West,Sales_14,84,75.11406149106695,0.27930857888326877,4547.261016635112
45,2023-01-31,Product_D,North,Sales_17,29,36.48618322168771,0.16588406807336772,882.5774948917131
46,2023-01-21,Product_D,East,Sales_19,85,34.80971654947261,0.20896170671636785,2340.5445953634544
47,2023-08-07,Product_A,West,Sales_16,73,23.600616767761245,0.1790216588339724,1414.4184499278988
48,2023-03-22,Product_D,West,Sales_15,92,43.31307029259774,0.03682201640238614,3838.074005121832
49,2023-10-16,Product_D,West,Sales_15,72,42.44416494755819,0.28893439781546393,2173.0021709511775
50,2023-01-31,Product_B,East,Sales_1,95,57.889059203819755,0.036862673968245795,5296.735800365783
51,2023-08-22,Product_D,South,Sales_12,20,53.658364124306765,0.07646458692335507,991.1079895311734
52,2023-02-05,Product_C,West,Sales_10,27,32.10539943471295,0.24408836406689405,655.2588152424514
53,2023-05-12,Product_A,South,Sales_14,8,44.10910642361274,0.18557908845033042,287.3870292892806
54,2023-11-20,Product_A,North,Sales_10,85,44.42806968368472,0.2514447496129071,2826.8335102342953
55,2023-12-12,Product_A,South,Sales_10,61,23.36026629557161,0.15472085651221346,1204.5026990440101
56,2023-05-12,Product_C,South,Sales_20,28,35.28579909479946,0.11309797060999045,876.2613111231224
57,2023-01-09,Product_D,South,Sales_11,87,38.437795540788656,0.27655364986433545,2419.268411538269
58,2023-01-30,Product_A,South,Sales_16,70,71.5043752973142,0.010875695254438456,4950.870085155513
59,2023-04-25,Product_C,South,Sales_9,3,52.87176073936029,0.2568390661059137,117.87668126306303
60,2023-10-28,Product_B,North,Sales_15,69,59.93253130921249,0.06924533555633448,3848.991331689623
61,2023-01-04,Product_D,North,Sales_14,73,27.52046754276182,0.25462089832619034,1497.462240350694
62,2023-11-21,Product_C,South,Sales_19,7,67.91321724520988,0.04175898402506568,455.5406120382344
63,2023-08-25,Product_D,South,Sales_9,60,69.5165309453614,0.17406568910716214,3444.965284921062
64,2023-01-23,Product_B,West,Sales_4,4,20.024825492830608,0.2664323757034416,58.75825465491563
65,2023-01-16,Product_C,North,Sales_7,5,39.420249141262275,0.14206189406966716,169.10066941778192
66,2023-01-22,Product_D,East,Sales_8,11,57.43648359523265,0.22397000214101787,490.2967766557945
67,2023-03-13,Product_C,North,Sales_8,15,59.66582680307273,0.2414014853566675,678.9361138166597
68,2023-10-31,Product_A,East,Sales_19,64,39.82257904269167,0.22094826261503375,1985.526360982982
69,2023-08-18,Product_D,West,Sales_15,98,45.41750805419521,0.2775989210623795,3215.3463684588514
70,2023-04-17,Product_C,South,Sales_16,13,41.03928408432286,0.1340502691559786,461.9934410890593
71,2023-07-27,Product_A,West,Sales_9,7,51.65627070419179,0.05193763174954673,342.81356437161804
72,2023-07-27,Product_B,South,Sales_12,6,67.95767797192869,0.014343319110743935,401.89763586451284
73,2023-09-20,Product_D,North,Sales_16,56,38.43436764288193,0.07393796089125153,1993.1860967884627
74,2023-02-20,Product_D,South,Sales_4,64,65.01230746652621,0.04295925116407263,3982.043354964211
75,2023-03-06,Product_B,East,Sales_5,50,38.274918914796686,0.16738462243034413,1593.4143031845704
76,2023-09-22,Product_A,East,Sales_8,30,37.285591812546734,0.0554836011635196,1056.5055872182081
77,2023-12-04,Product_B,West,Sales_1,22,62.2789192751482,0.011680112186811352,1354.1328792451043
78,2023-10-28,Product_D,North,Sales_6,25,63.829045670114255,0.010796948660600358,1578.497168523973
79,2023-06-24,Product_C,East,Sales_15,28,62.771149051439814,0.24947084950945847,1319.1241608409841
80,2023-06-01,Product_A,West,Sales_4,84,30.263038876727883,0.17743497943290745,2091.038644468905
81,2023-09-23,Product_A,North,Sales_11,39,43.01073532891924,0.10742559056801344,1497.2209857323771
82,2023-11-25,Product_A,North,Sales_5,67,62.344828880049825,0.2682684128220741,3056.518599445249
83,2023-10-31,Product_B,West,Sales_18,5,50.62312760845842,0.02105898342231408,247.78528001683102
84,2023-06-12,Product_B,East,Sales_15,65,33.89460730703804,0.2940966218183478,1555.210657011613
85,2023-12-09,Product_C,East,Sales_18,15,56.87476908688163,0.1848875370763383,695.3899966293393
86,2023-08-26,Product_C,West,Sales_20,90,39.27789111512794,0.05503927619065454,3340.445797607036
87,2023-07-18,Product_A,East,Sales_13,67,76.91787272588317,0.20372072969309055,4103.623207037641
88,2023-01-16,Product_C,West,Sales_5,40,73.17262193627388,0.2290143779350688,2256.6015776664062
89,2023-11-05,Product_B,East,Sales_1,98,59.06146139533351,0.12880283501123233,5042.509417315394
90,2023-10-23,Product_C,East,Sales_18,69,70.4151005715466,0.2584897818736642,3602.732644309482
91,2023-12-22,Product_B,West,Sales_14,95,50.97187025185072,0.04521972218894109,4623.358961763071
92,2023-10-03,Product_C,West,Sales_5,77,61.48156241562524,0.0836512750732825,4338.068452106665
93,2023-08-27,Product_D,East,Sales_6,43,72.16580442953112,0.02804770847519693,3016.093916355583
94,2023-03-10,Product_B,West,Sales_16,1,53.68248022691469,0.06326335218220565,50.28634657430509
95,2023-10-28,Product_D,East,Sales_12,22,46.172192427285744,0.07161864357334351,943.038857966395
96,2023-01-06,Product_B,South,Sales_20,62,24.43067062734326,0.275289957276513,1097.719445954533
97,2023-08-08,Product_C,North,Sales_18,79,48.75299711417759,0.02343290662534686,3761.2352421225255
98,2023-09-11,Product_D,North,Sales_2,26,62.35134776843467,0.12822453605631282,1413.2657533368742
99,2023-10-22,Product_C,East,Sales_13,18,64.18450141351444,0.15971960616807387,970.7936062617672
100,2023-12-24,Product_B,North,Sales_17,48,57.565475985776146,0.2696079161406482,2018.1776622531127
101,2023-04-17,Product_D,East,Sales_17,9,41.880513575566404,0.29930886559836406,264.10774109928064
102,2023-10-22,Product_A,West,Sales_16,1,20.347676465786144,0.22601643447595074,15.748767181118945
103,2023-04-28,Product_C,South,Sales_18,9,42.571773529928976,0.29123729717070884,271.55956744178036
104,2023-06-17,Product_B,North,Sales_8,23,45.43482693419073,0.23613033976076211,798.2445737047235
105,2023-09-08,Product_D,North,Sales_3,45,45.30606549214979,0.28896079229142496,1449.6475010368947
106,2023-03-23,Product_C,West,Sales_17,2,59.278345354668865,0.21218121778333654,93.40118769826807
107,2023-02-23,Product_D,South,Sales_18,14,79.7851461652226,0.02392902763532132,1090.2635127684557
108,2023-08-28,Product_C,South,Sales_6,38,51.852938027616396,0.12057605609780295,1732.8271800001796
109,2023-01-12,Product_C,South,Sales_8,40,46.749023162653074,0.1939791851407411,1507.2274297374402
110,2023-07-28,Product_C,West,Sales_13,63,46.11167280493861,0.10521555283627529,2599.3804824893778
111,2023-06-14,Product_D,North,Sales_8,82,51.86577150361572,0.08201517543413357,3904.183274687039
112,2023-10-21,Product_D,North,Sales_19,16,37.57559359477401,0.17321978013992728,497.0681205385599
113,2023-01-07,Product_C,South,Sales_6,93,51.802978381190826,0.28005056301073045,3468.4838361512248
114,2023-03-19,Product_A,West,Sales_15,75,56.762185044976995,0.010494562054846068,4212.4868078740365
115,2023-03-06,Product_A,West,Sales_10,6,53.14529095361732,0.2307693610624313,245.28591670064424
116,2023-04-12,Product_A,West,Sales_17,3,56.86312901007172,0.21681818341338813,133.60250602472053
117,2023-12-23,Product_B,South,Sales_1,14,56.50621414022803,0.2891860276164861,562.3156915231655
118,2023-10-27,Product_A,West,Sales_7,66,23.421549766303343,0.27921336669976304,1114.2080401800306
119,2023-10-14,Product_D,South,Sales_13,96,59.553052375931046,0.22866976861325786,4409.766688215713
120,2023-06-20,Product_A,South,Sales_3,95,39.934777315063194,0.15612262940477958,3201.5052132144124
121,2023-03-18,Product_D,South,Sales_19,75,33.56241255494063,0.06128026597005595,2362.927424023284
122,2023-02-17,Product_B,East,Sales_15,86,33.433222582175055,0.1635707154976723,2404.949274099354
123,2023-09-12,Product_D,South,Sales_5,67,56.50312415708794,0.22960559817589613,2916.48926592492
124,2023-03-23,Product_D,West,Sales_11,31,46.661376091627204,0.2687007637913679,1057.8262895837718
125,2023-07-28,Product_D,East,Sales_18,33,24.770468240218843,0.2369136027631647,623.7662431208357
126,2023-07-28,Product_A,North,Sales_3,88,57.17056722788425,0.05858008055731619,4736.292949886724
127,2023-03-25,Product_C,North,Sales_6,1,28.405878038017594,0.17990589426841783,23.295493147108427
128,2023-01-10,Product_D,West,Sales_3,44,52.097320377773165,0.0996520378594071,2063.851514345001
129,2023-01-29,Product_A,West,Sales_5,15,53.57748388509581,0.002761700217192897,801.4427840432053
130,2023-10-31,Product_A,West,Sales_9,37,63.28365622542567,0.060066280736599816,2200.850367488379
131,2023-04-26,Product_A,West,Sales_19,27,76.72527179700278,0.03396619498003478,2001.21856889174
132,2023-09-26,Product_C,East,Sales_13,48,29.529855111491877,0.2528157370618406,1059.0836652552334
133,2023-02-16,Product_C,West,Sales_6,27,49.212892159054256,0.07755187564434358,1225.7011817883931
134,2023-12-25,Product_C,South,Sales_11,12,45.85497057433674,0.08540939066626664,503.26230574275667
135,2023-04-01,Product_C,North,Sales_14,67,56.50624528941444,0.2879809715396653,2695.6459654849855
136,2023-02-22,Product_B,West,Sales_6,30,53.23503156400428,0.11372601691465564,1415.424703917123
137,2023-08-06,Product_C,South,Sales_6,96,44.711806358950696,0.0028756920433183676,4279.98998142354
138,2023-12-14,Product_C,West,Sales_17,87,43.386467170837165,0.08515384450384096,3453.1990141866604
139,2023-03-18,Product_C,South,Sales_11,66,33.25323717223928,0.03578987418054373,2116.165127851438
140,2023-07-23,Product_D,East,Sales_15,7,64.81792373609764,0.030842568520756185,439.7314073732573
141,2023-02-13,Product_D,North,Sales_9,34,56.88806272399294,0.023246187040724852,1889.2314940359013
142,2023-06-05,Product_C,North,Sales_17,32,63.766522966927056,0.1779778410526132,1677.3598360909282
143,2023-01-02,Product_B,East,Sales_7,39,45.344057952867296,0.056804317088957584,1667.9644685656895
144,2023-12-23,Product_D,South,Sales_7,96,40.147467969583545,0.10837283821230313,3436.4710001934955
145,2023-11-09,Product_A,West,Sales_1,43,33.825274000561585,0.258605314839005,1078.348769829622
146,2023-02-26,Product_D,South,Sales_8,43,55.38376375610989,0.12730144193888268,2078.3332231080512
147,2023-10-17,Product_A,North,Sales_5,78,34.40310163207648,0.2747074050154913,1946.2805589430739
148,2023-02-27,Product_D,East,Sales_19,3,77.72994603449825,0.14938141601868188,198.35560988642752
149,2023-09-11,Product_C,East,Sales_8,46,30.385361283598392,0.11965098445192672,1230.4872530820658
150,2023-06-29,Product_D,South,Sales_17,32,54.104901788187526,0.22511667812721048,1341.599552871417
151,2023-06-06,Product_C,South,Sales_19,43,73.50282060820679,0.02195252963040063,3091.237653718146
152,2023-02-04,Product_C,East,Sales_12,81,58.98634638895714,0.026843514894725216,4649.63858720746
153,2023-03-16,Product_D,North,Sales_15,3,52.63510568737669,0.19559211417688818,127.02028225817618
154,2023-10-16,Product_A,West,Sales_4,74,35.47274529557156,0.14608221397177448,2241.5198014081843
155,2023-03-16,Product_A,West,Sales_12,63,29.27346217148444,0.23712457509576307,1406.9163082268258
156,2023-11-25,Product_D,South,Sales_13,40,61.55075163376379,0.2748812512030594,1785.2641604874418
157,2023-03-19,Product_C,East,Sales_14,18,72.5922086116242,0.11651006330146425,1154.4207442396337
158,2023-09-12,Product_A,East,Sales_5,67,43.41725014282743,0.17892300797539387,2388.4766449999274
159,2023-09-22,Product_B,East,Sales_16,62,32.91407738575474,0.15020898833859295,1734.1454014116262
160,2023-10-31,Product_C,North,Sales_7,10,13.127458541764723,0.2944831966927299,92.61642585934564
161,2023-03-08,Product_D,South,Sales_15,52,35.28852734506194,0.24932532220697853,1377.4906025163189
162,2023-08-09,Product_C,South,Sales_13,73,48.2951473625144,0.27352131248320605,2561.2338546625215
163,2023-06-13,Product_B,South,Sales_16,46,73.98684861255101,0.07630202627328125,3143.709098708588
164,2023-08-08,Product_B,North,Sales_12,55,60.097005383494526,0.23175792694877828,2539.2976399992444
165,2023-06-21,Product_A,South,Sales_7,46,54.5762810706013,0.07964196749929467,2310.5670586978285
166,2023-09-11,Product_B,West,Sales_16,75,43.99820508048303,0.06262276002851697,3093.2187031531853
167,2023-07-29,Product_C,South,Sales_13,60,41.252514241160654,0.2832798478966652,1773.9904968941792
168,2023-07-07,Product_A,South,Sales_3,97,71.08471396261946,0.005791325015359994,6855.28481020249
169,2023-07-10,Product_B,South,Sales_15,26,53.011078111375845,0.28961661109902886,979.112922269385
170,2023-08-03,Product_A,North,Sales_3,27,18.46098962118467,0.04477856909664186,476.1269888896817
171,2023-03-27,Product_A,West,Sales_7,38,39.89690528154136,0.24583142453798043,1143.3817044178804
172,2023-04-16,Product_D,West,Sales_18,22,37.1267595234256,0.08277676592043093,749.1775817013591
173,2023-11-28,Product_A,East,Sales_14,26,41.806039862338025,0.1052106982292182,972.5975276737956
174,2023-10-23,Product_A,East,Sales_18,86,58.44365990427628,0.06502731339659548,4699.31741154477
175,2023-01-19,Product_B,West,Sales_19,69,48.388326773086256,0.17565421274432388,2752.321219614384
176,2023-02-16,Product_C,South,Sales_14,35,48.84701889494507,0.10442866425236222,1531.1096485662622
177,2023-03-06,Product_C,South,Sales_20,66,69.70209741987856,0.19721791184839896,3693.069290808244
178,2023-05-26,Product_B,South,Sales_6,99,39.55308365319967,0.004694195382619793,3897.3739613040984
179,2023-10-13,Product_C,North,Sales_8,73,77.96299288831024,0.019312465054511885,5581.3854778205
180,2023-03-07,Product_A,South,Sales_7,51,39.93038612943371,0.029898345819374592,1975.5632154479717
181,2023-01-05,Product_D,North,Sales_20,18,51.33797294918857,0.12569810559306932,807.927966080772
182,2023-04-03,Product_A,West,Sales_18,43,45.78194606895849,0.2444388517979928,1487.4155687677398
183,2023-12-19,Product_A,South,Sales_18,12,51.85128700251442,0.2664533731135148,456.42404016501
184,2023-04-04,Product_D,South,Sales_15,3,56.668879926096935,0.07344322201827022,157.5208043884737
185,2023-04-16,Product_B,East,Sales_20,82,56.50752860133315,0.1723109172717042,3835.1944902529904
186,2023-05-13,Product_A,West,Sales_19,7,38.7032400406913,0.23050949780778013,208.47242930764304
187,2023-12-07,Product_A,South,Sales_2,97,33.15627983828644,0.08664882897588261,2937.4827206589184
188,2023-11-10,Product_B,North,Sales_8,6,87.54757686358566,0.12270232102088197,460.8317158960178
189,2023-03-20,Product_A,West,Sales_11,82,42.740234905991706,0.15719226080571416,2953.787661807629
190,2023-07-31,Product_A,East,Sales_18,45,60.4881865800798,0.04046245392241431,2611.830875297981
191,2023-01-08,Product_C,West,Sales_13,86,25.885380342152047,0.007794688117734094,2208.7906212995404
192,2023-06-08,Product_B,North,Sales_9,39,45.805809201429845,0.045841742795484974,1704.5336520216747
193,2023-09-25,Product_A,East,Sales_9,51,48.09200924026336,0.18805608637606,1991.4487240254841
194,2023-05-29,Product_A,North,Sales_17,9,57.09222604891749,0.022085478460104502,502.4818522824723
195,2023-12-16,Product_D,West,Sales_7,99,10.0,0.05690890945503849,933.660179639512
196,2023-04-01,Product_D,East,Sales_9,23,52.49210919617496,0.10135616570859111,1084.949336396162
197,2023-08-24,Product_D,North,Sales_1,12,32.75387816948161,0.0233610192919099,383.8645702761538
198,2023-10-16,Product_A,West,Sales_2,88,54.86518566792386,0.05750978134849033,4550.471273613516
199,2023-12-22,Product_A,North,Sales_4,62,34.45506204742755,0.2733809366950533,1552.213704482969
200,2023-06-17,Product_D,South,Sales_14,73,37.16775956111628,0.005789739668095428,2697.5374573724066
201,2023-07-12,Product_C,West,Sales_4,77,45.89558584410098,0.19602957725230863,2841.1994036067813
202,2023-07-06,Product_C,East,Sales_2,40,34.21505795595207,0.11532267927455547,1210.7714320374994
203,2023-09-28,Product_C,East,Sales_8,54,42.86698329896968,0.20179462182971133,1847.6994572193714
204,2023-04-24,Product_C,South,Sales_18,81,32.09936347185027,0.17660751610902137,2140.8603442528974
205,2023-01-11,Product_B,North,Sales_19,7,22.502443224519087,0.06704962630639329,146.95563970733974
206,2023-02-24,Product_D,North,Sales_14,17,65.2693557864404,0.2541628462720166,827.5652792721025
207,2023-09-15,Product_A,East,Sales_20,50,30.559269607641074,0.147582114782807,1302.463398636372
208,2023-03-06,Product_D,North,Sales_10,24,47.319786685880246,0.24676080567404152,855.4348319747676
209,2023-06-21,Product_C,West,Sales_17,2,61.293366222406775,0.12180376085646576,107.65520740192993
210,2023-09-29,Product_A,West,Sales_8,99,40.77583846225935,0.2954056661745717,2844.312049011402
211,2023-05-30,Product_B,East,Sales_14,92,37.62251150381693,0.23114680755038888,2661.2093031467316
212,2023-12-28,Product_D,West,Sales_8,83,53.39357133001132,0.28978506153377204,3147.4356940608
213,2023-05-26,Product_A,East,Sales_5,33,66.76900734090728,0.15429794367295765,1863.400664634982
214,2023-07-28,Product_A,North,Sales_16,21,32.460271023702965,0.14210733968721015,584.7959935229728
215,2023-10-13,Product_C,North,Sales_8,74,47.747782519738415,0.22663614279757735,2732.554285412221
216,2023-01-10,Product_C,North,Sales_10,53,24.01258107549009,0.26408737890402906,936.5715583628014
217,2023-08-15,Product_D,South,Sales_8,46,44.10198494476715,0.2892437387596674,1441.9050489005265
218,2023-07-05,Product_B,East,Sales_9,45,50.51307026807113,0.09736557180974992,2051.767633389944
219,2023-03-03,Product_A,West,Sales_18,9,37.18063037367401,0.23961137215279166,254.44555661098997
220,2023-03-26,Product_C,North,Sales_3,6,43.145122492621525,0.06319367929066101,242.51174075319912
221,2023-05-14,Product_D,South,Sales_17,51,28.87659847538825,0.16367230402363356,1231.6652525983616
222,2023-11-19,Product_C,West,Sales_20,35,51.1561791707224,0.05395444452275975,1693.8626578880755
223,2023-10-24,Product_D,West,Sales_15,82,65.83541373324724,0.10421920852510165,4835.876119725739
224,2023-06-20,Product_C,West,Sales_17,53,33.542841953443045,0.27940751016193777,1281.048159972235
225,2023-08-01,Product_B,North,Sales_8,19,40.65992350171426,0.04382720993192583,738.6803374731832
226,2023-01-18,Product_A,West,Sales_2,69,57.538193696812726,0.18972026854055893,3216.9202174747156
227,2023-11-10,Product_C,East,Sales_17,25,68.18136078984104,0.177886281878221,1401.3208006384673
228,2023-03-01,Product_A,South,Sales_18,11,27.60215281686603,0.03622150581269594,292.62597405983695
229,2023-03-29,Product_D,West,Sales_5,74,47.46822893876076,0.09779371313064364,3169.133958557686
230,2023-01-27,Product_B,West,Sales_9,17,54.246962334792876,0.16889445135457973,766.4441736912933
231,2023-03-09,Product_A,East,Sales_9,36,48.469154140567284,0.05615358269654708,1646.907749470917
232,2023-10-05,Product_C,West,Sales_2,90,12.848118996843693,0.2401870969238446,878.5949934653737
233,2023-02-09,Product_A,North,Sales_2,95,57.51635013963158,0.29164695286042497,3870.4787787667015
234,2023-04-19,Product_A,North,Sales_19,96,72.79004526635966,0.06442781998874161,6537.632767964764
235,2023-03-15,Product_D,North,Sales_3,21,51.74992626754255,0.05607358943717278,1025.8105651208605
236,2023-03-07,Product_B,West,Sales_17,18,34.53340920058605,0.13648052153923337,536.7648870425215
237,2023-06-17,Product_B,South,Sales_14,60,42.303091304535755,0.22432958314200965,1968.7953879942525
238,2023-09-19,Product_A,South,Sales_14,18,76.5486960148339,0.08448018307057542,1261.4732669103641
239,2023-10-01,Product_A,West,Sales_14,1,63.64943811290838,0.00596397260918412,63.26983460741303
240,2023-12-03,Product_D,South,Sales_6,14,59.60039927576494,0.1623661884098682,698.9263346471381
241,2023-12-24,Product_A,South,Sales_3,8,55.34618875301564,0.2869801703301923,315.7034406203859
242,2023-08-25,Product_D,West,Sales_1,66,40.08294331713542,0.11738305662208366,2334.9404042025826
243,2023-08-03,Product_B,North,Sales_16,51,46.99143229016347,0.12604036625493012,2094.4993626268433
244,2023-10-13,Product_B,West,Sales_4,79,48.83115896482226,0.2906705151342114,2736.353085879428
245,2023-05-29,Product_D,North,Sales_1,60,58.24361474096666,0.2083822834880185,2766.400638158857
246,2023-11-14,Product_A,North,Sales_17,34,72.63378341400355,0.21575157685263754,1936.7396237284172
247,2023-04-17,Product_B,South,Sales_18,36,66.77507205189691,0.16881060161132028,1998.0983507823698
248,2023-05-21,Product_C,South,Sales_8,62,28.70923466305939,0.29238276325897244,1259.5392566758765
249,2023-03-17,Product_D,North,Sales_2,1,53.35992453351573,0.20665994532766682,42.33256544673094
250,2023-01-09,Product_B,North,Sales_18,85,61.051450177518454,0.26850982548155083,3795.9755553213777
251,2023-07-15,Product_B,South,Sales_16,42,59.28290495216953,0.20981365971996635,1967.4707516236047
252,2023-10-22,Product_B,East,Sales_10,1,40.56149354918871,0.2205347474521188,31.616274813037634
253,2023-10-07,Product_C,North,Sales_8,96,93.71163823652543,0.08712327664267396,8212.528632365418
254,2023-04-28,Product_C,North,Sales_12,84,30.843731565033217,0.0910436094041457,2354.990980932241
255,2023-10-17,Product_C,North,Sales_16,54,33.752173300009254,0.23489539487280875,1394.4929341439579
256,2023-03-02,Product_A,South,Sales_12,47,53.503926218923645,0.08901188675096988,2290.8477174868503
257,2023-12-01,Product_D,West,Sales_11,39,81.7520458244578,0.16883102124045948,2650.040813137292
258,2023-11-02,Product_A,North,Sales_20,30,37.45707723943744,0.07480569327201059,1039.6522382579421
259,2023-02-20,Product_C,North,Sales_19,7,46.012574515295114,0.24509501424272082,243.14585336387222
260,2023-02-21,Product_D,North,Sales_1,22,66.15940509523539,0.033150405368307,1407.2562679428504
261,2023-05-02,Product_A,West,Sales_3,50,49.732067676684,0.2488339919284993,1867.8519374918217
262,2023-06-16,Product_A,West,Sales_12,45,44.98094218204557,0.18081894015228053,1658.1391150336685
263,2023-01-08,Product_A,North,Sales_9,74,58.484493528300796,0.05607286044812319,4085.1774506388824
264,2023-02-14,Product_C,North,Sales_5,72,54.087769853443895,0.16261061565183546,3261.061749480523
265,2023-12-10,Product_B,East,Sales_1,91,65.45658178455187,0.08474965105420214,5451.733498039032
266,2023-09-02,Product_D,West,Sales_10,10,69.37203333598045,0.09704020041914897,626.4015731757303
267,2023-10-11,Product_C,East,Sales_17,14,54.60504590008043,0.1054584124790641,683.8507822455613
268,2023-04-17,Product_D,North,Sales_4,46,54.375990880674635,0.018995774091696283,2453.7815347270875
269,2023-01-27,Product_C,North,Sales_15,75,53.211664734292,0.2957885053204252,2810.4199467693143
270,2023-07-12,Product_A,North,Sales_19,6,57.33695834973931,0.009460388439367228,340.7671707109137
271,2023-12-03,Product_A,North,Sales_8,21,50.82755956807196,0.19874906195528352,855.2382254312686
272,2023-12-23,Product_B,South,Sales_15,62,49.990872765165655,0.11136829432722917,2754.2554210695366
273,2023-03-03,Product_B,South,Sales_7,97,67.94940681240864,0.19380308728400966,5313.718393325533
274,2023-03-03,Product_D,South,Sales_15,19,72.74174270532565,0.10687447592627514,1234.3826344388704
275,2023-10-09,Product_B,East,Sales_8,88,27.386705830498688,0.20212519387765762,1922.9023092258112
276,2023-05-01,Product_B,West,Sales_10,82,50.15031727610854,0.21877065284050823,3212.6697692873636
277,2023-10-07,Product_D,North,Sales_18,99,39.66958349832148,0.20716579211989344,3113.68887817272
278,2023-02-08,Product_C,West,Sales_4,62,45.335428002708916,0.034188594407445684,2714.699353431053
279,2023-10-04,Product_B,South,Sales_15,83,56.03774314602982,0.1970679703964054,3734.543403607672
280,2023-04-04,Product_C,North,Sales_11,53,60.041575573137024,0.0839962648362292,2914.910296975901
281,2023-04-25,Product_A,North,Sales_3,24,48.318103345829826,0.008640411170800055,1149.6147615822874
282,2023-06-25,Product_B,East,Sales_15,56,21.29989497915796,0.12444920156668618,1044.351843110659
283,2023-05-01,Product_A,West,Sales_3,62,35.52431629135731,0.13006293084114032,1916.043015099294
284,2023-01-13,Product_A,East,Sales_15,34,63.44749505300249,0.14015224000573395,1854.8763409514297
285,2023-06-12,Product_C,South,Sales_6,22,10.0,0.21144724961721487,173.48160508421273
286,2023-10-02,Product_D,West,Sales_1,68,67.81140727523,0.09265314274273774,4183.935774861309
287,2023-06-25,Product_B,South,Sales_14,57,57.81844985966812,0.09458415393117676,2983.935219790517
288,2023-12-03,Product_C,East,Sales_16,10,69.74264122295033,0.01816567687237818,684.7571893826802
289,2023-11-20,Product_D,East,Sales_1,66,47.02146219678559,0.20604636479768879,2463.9688156819548
290,2023-06-22,Product_A,North,Sales_17,8,19.078918639656425,0.17034782741987517,126.63093039896314
291,2023-10-02,Product_B,West,Sales_8,97,56.45543962259747,0.10482753380813642,4902.123446339923
292,2023-03-05,Product_A,West,Sales_18,38,69.11979686057512,0.21155669367520638,2070.8875644314976
293,2023-04-11,Product_A,North,Sales_16,62,63.87082708270132,0.16120732476806315,3321.61167891448
294,2023-11-18,Product_B,West,Sales_6,28,40.05962774767947,0.1407734837611619,963.7682429609731
295,2023-03-07,Product_D,South,Sales_10,10,51.3014161319397,0.15339736309833793,434.3191417408962
296,2023-11-27,Product_D,South,Sales_10,45,42.007455968301144,0.19090443758011696,1529.462079562549
297,2023-02-14,Product_B,East,Sales_5,65,37.71100303715942,0.19800078137237984,1965.8726730152684
298,2023-03-28,Product_B,South,Sales_12,98,64.33082856769776,0.08668734574221515,5757.907659397125
299,2023-03-08,Product_C,West,Sales_20,67,32.037015331022566,0.04222300901734597,2055.849181635401
300,2023-09-16,Product_C,North,Sales_17,9,36.59275354127581,0.04699025435715563,313.85925670268296
301,2023-07-24,Product_A,East,Sales_14,5,33.43961549791422,0.1918172657709005,135.1265994233704
302,2023-06-27,Product_B,North,Sales_14,10,27.6462871505143,0.2618619857301378,204.06775499215033
303,2023-10-07,Product_D,East,Sales_3,12,52.19621437763905,0.12284888350366553,549.4076126187374
304,2023-12-10,Product_A,East,Sales_12,82,67.42254572722963,0.05085604809883871,5247.483522899918
305,2023-01-17,Product_A,North,Sales_20,58,47.22684865632102,0.22698074948815639,2117.4212628360415
306,2023-10-23,Product_A,South,Sales_18,21,27.413782991537502,0.24974684232583455,431.91282231710215
307,2023-07-21,Product_A,South,Sales_12,21,62.59916809613041,0.26417473293628996,967.3030412283259
308,2023-06-21,Product_D,South,Sales_2,65,75.28552631052457,0.18204942867411997,4002.689551787105
309,2023-09-19,Product_A,South,Sales_2,3,40.30636513780108,0.2582185678164254,89.69553977409656
310,2023-07-13,Product_B,North,Sales_17,69,42.82168599923423,0.004624487534522303,2941.0323775825245
311,2023-05-29,Product_C,West,Sales_10,89,57.734909451250914,0.032170740530857056,4973.100584715275
312,2023-02-04,Product_D,East,Sales_18,64,74.32810621677577,0.027772820115629624,4624.883525970037
313,2023-01-29,Product_B,North,Sales_19,49,42.20248781412161,0.2137814052764199,1625.8386524898276
314,2023-09-20,Product_B,South,Sales_1,72,30.013253285026924,0.020874535063073706,2115.8453215419636
315,2023-08-09,Product_B,South,Sales_4,17,59.4712790940861,0.1489093117398921,860.4626815502099
316,2023-02-22,Product_C,North,Sales_4,73,61.98602109713449,0.14181206959088674,3883.28282665412
317,2023-10-06,Product_C,East,Sales_2,32,50.0919717565284,0.09321105706747228,1453.5310757922696
318,2023-12-19,Product_C,North,Sales_19,70,41.62800110513824,0.26112155098262996,2153.0623024580536
319,2023-03-17,Product_B,North,Sales_12,21,64.91568096488069,0.0511299605639988,1293.5274399003854
320,2023-06-25,Product_C,West,Sales_10,7,57.920540068219466,0.10573883531977195,362.5726273421963
321,2023-01-10,Product_A,North,Sales_13,7,38.473467246447605,0.23225145000687872,206.76564084167592
322,2023-04-27,Product_C,West,Sales_20,27,50.736420969585076,0.009126694317985273,1357.3808594443906
323,2023-10-07,Product_D,East,Sales_15,8,29.7243870196303,0.2018851200739106,189.7878046163908
324,2023-08-06,Product_B,North,Sales_3,73,60.288356846568796,0.24491931790847116,3323.1478735215796
325,2023-06-24,Product_B,North,Sales_20,28,46.066496459257166,0.27968035165145017,929.1128708450915
326,2023-08-22,Product_A,South,Sales_13,79,43.464337514228944,0.2628889921474455,2531.005288829794
327,2023-09-09,Product_C,North,Sales_8,66,49.506882722713485,0.09581523505010554,2954.3823617905527
328,2023-10-22,Product_C,South,Sales_7,71,50.604615489953716,0.17590924239688577,2960.8985101304474
329,2023-11-18,Product_D,South,Sales_8,47,63.42395092348341,0.023188047945139754,2911.803845504176
330,2023-01-06,Product_A,South,Sales_18,82,58.86635796987832,0.07736100106440258,4453.616602241671
331,2023-01-21,Product_D,East,Sales_9,86,47.65386081810796,0.028266713624252215,3982.388479189437
332,2023-03-14,Product_D,West,Sales_6,10,61.45502224578493,0.09455618704618915,556.4406966738477
333,2023-11-26,Product_B,South,Sales_4,33,56.0110588053742,0.26255616403761867,1363.065332037739
334,2023-02-05,Product_B,North,Sales_15,7,43.60100545570944,0.10415005190228778,273.41970932153754
335,2023-08-21,Product_C,North,Sales_5,3,48.12922762645271,0.16856943090042792,120.04833334735326
336,2023-08-04,Product_C,South,Sales_5,14,47.77665666735319,0.13001425443448225,581.9101437992505
337,2023-07-25,Product_D,South,Sales_7,44,57.578920147613026,0.1376749572896206,2184.676770122349
338,2023-02-13,Product_C,North,Sales_9,46,44.49466077917537,0.29087161555096747,1451.4116380874407
339,2023-04-01,Product_D,South,Sales_7,61,44.143862203675496,0.08884634047915738,2453.532337128027
340,2023-11-12,Product_C,West,Sales_9,36,79.53135964150938,0.1881973408569514,2324.2956927206205
341,2023-04-03,Product_C,West,Sales_20,13,64.09603222620656,0.1260188008738341,728.243452355762
342,2023-12-05,Product_B,East,Sales_10,16,38.590990033622916,0.018343854314305862,606.1293205536209
343,2023-03-24,Product_B,South,Sales_4,80,58.564114909132975,0.14679924948727077,3997.355743486878
344,2023-11-29,Product_B,East,Sales_6,5,51.77525098482766,0.24400299871353248,195.70967242691964
345,2023-10-09,Product_B,East,Sales_14,89,55.87326762890141,0.02962589060450651,4825.399535982602
346,2023-01-21,Product_A,East,Sales_9,38,52.06011986847657,0.02087755421889269,1936.982811944655
347,2023-08-16,Product_B,South,Sales_1,50,67.84463968227854,0.046089456117979995,3235.8858569401
348,2023-05-10,Product_A,East,Sales_17,38,55.18430516977169,0.2293200334167918,1616.118661637974
349,2023-06-24,Product_B,West,Sales_13,56,49.06866952678569,0.21719861524342138,2151.0172574089233
350,2023-04-18,Product_C,East,Sales_7,63,65.63285865474526,0.16950533067183315,3433.987572468704
351,2023-10-10,Product_D,West,Sales_9,48,53.49927561631808,0.1404679212277897,2207.2484919984627
352,2023-03-12,Product_C,West,Sales_11,90,51.82217868993587,0.2664977444107866,3421.0516462753703
353,2023-02-19,Product_C,South,Sales_3,59,54.71033903729171,0.23000934715004473,2485.460530705032
354,2023-04-05,Product_A,East,Sales_12,77,48.595864649504506,0.24358267539054154,2830.42405224514
355,2023-10-06,Product_B,South,Sales_3,44,50.13840489493203,0.24397869040519626,1667.8509113050854
356,2023-12-03,Product_D,West,Sales_15,90,41.19958116857191,0.1928151464236674,2993.0110103663956
357,2023-05-12,Product_D,North,Sales_10,55,38.73249170564182,0.13740438729478374,1837.5762577935295
358,2023-10-03,Product_B,East,Sales_1,55,35.021444202763405,0.2594033257756951,1426.522080670425
359,2023-01-13,Product_A,South,Sales_14,1,29.120250698043858,0.2778022252809752,21.030580253387402
360,2023-01-03,Product_A,North,Sales_20,8,36.804239579231655,0.007141812977502903,292.33112466702056
361,2023-08-12,Product_A,East,Sales_6,4,47.38599448299612,0.01546646197987539,186.61240320378508
362,2023-06-24,Product_D,East,Sales_2,85,51.546763736684554,0.2876229890725312,3121.262005266521
363,2023-03-31,Product_A,South,Sales_8,86,45.930551552785396,0.08314818415325843,3621.589825085175
364,2023-08-29,Product_A,North,Sales_1,53,14.66444764808963,0.2620108318948256,573.576786588384
365,2023-02-04,Product_D,South,Sales_4,58,73.61879536643514,0.11663853568842078,3771.8563987934217
366,2023-01-14,Product_D,East,Sales_4,37,66.29720184335572,0.03573001728280668,2365.350862000563
367,2023-07-14,Product_C,East,Sales_5,49,56.68639776825693,0.024132960062800277,2710.600972545767
368,2023-11-02,Product_D,West,Sales_20,67,78.61236008829903,0.046952369724136946,5019.728674000597
369,2023-11-30,Product_B,East,Sales_9,19,35.33953823774434,0.07496795846020941,621.1138988595486
370,2023-08-01,Product_D,East,Sales_13,1,78.31437680939007,0.14655550617924787,66.83697367497756
371,2023-01-03,Product_D,North,Sales_18,29,35.52178884874178,0.21044937016973506,813.3412719884309
372,2023-06-28,Product_A,North,Sales_17,87,53.58106887937035,0.29591957294558996,3282.108221699839
373,2023-02-09,Product_C,West,Sales_1,33,30.892440122986933,0.13245202298675132,884.4222398121076
374,2023-06-13,Product_A,West,Sales_15,52,50.2204114331655,0.15545548270293294,2205.495402878709
375,2023-11-03,Product_C,West,Sales_2,41,55.79249746997583,0.15654471041497667,1929.3975615186162
376,2023-08-23,Product_A,South,Sales_16,23,47.67964503298168,0.16183030664638082,919.1635694995844
377,2023-09-14,Product_B,South,Sales_20,5,60.708161661352065,0.15532219713133869,256.3941830415318
378,2023-12-26,Product_A,West,Sales_5,71,51.48521674230886,0.0026324265185753482,3645.8276841633683
379,2023-04-26,Product_A,South,Sales_19,57,42.16377907433736,0.000517446632952212,2402.0918094229005
380,2023-02-21,Product_B,East,Sales_5,6,41.49780023296491,0.029299895437836874,241.69151415143278
381,2023-05-22,Product_B,West,Sales_2,49,62.16370658923545,0.030466981028753646,2953.2185398753063
382,2023-03-27,Product_D,West,Sales_7,22,40.193869552895485,0.2114690726864388,697.2704030790297
383,2023-02-15,Product_A,South,Sales_3,77,63.73104455727405,0.06147480975479993,4605.615685258354
384,2023-11-28,Product_B,North,Sales_17,76,68.34067689247897,0.26841423142668386,3799.777063819572
385,2023-08-26,Product_B,West,Sales_3,4,24.969292064808048,0.27858189887310586,72.05319707150659
386,2023-01-10,Product_D,South,Sales_13,72,66.99389580951552,0.2927680013687696,3411.376331720837
387,2023-06-01,Product_C,South,Sales_7,64,80.90634047667048,0.281724391466106,3719.235260168378
388,2023-03-02,Product_B,North,Sales_3,37,53.78005641802893,0.08156649657555738,1827.556008323856
389,2023-01-18,Product_B,West,Sales_15,31,58.98626277942233,0.15293305341105373,1548.924718601013
390,2023-03-27,Product_A,North,Sales_18,37,65.55507986553738,0.0526364910590823,2297.866148141751
391,2023-05-17,Product_D,East,Sales_10,45,45.867765272314664,0.24186289655172993,1564.8324617339003
392,2023-08-18,Product_A,North,Sales_7,90,52.73420335306805,0.2665295115432288,3481.108370257817
393,2023-05-08,Product_C,North,Sales_9,8,30.287007055653362,0.25538665178925446,180.41687784794019
394,2023-04-14,Product_D,South,Sales_5,40,52.07952542795677,0.13001008460905047,1812.3464768267563
395,2023-07-05,Product_A,North,Sales_20,97,57.471679934668124,0.22760216540603428,4305.927109805468
396,2023-06-27,Product_B,East,Sales_8,93,57.74244534389704,0.02927375087288083,5212.845986722124
397,2023-12-23,Product_B,South,Sales_14,5,65.98137085396371,0.012073431185775207,325.9237465670763
398,2023-01-06,Product_D,East,Sales_4,28,38.37796732796706,0.22597092429262824,831.7585521950338
399,2023-12-07,Product_B,North,Sales_20,81,42.010898649897555,0.1276065822986051,2968.6525477651744
400,2023-11-03,Product_A,East,Sales_14,87,78.43261018987033,0.29866477942187075,4785.657021218709
401,2023-02-05,Product_D,East,Sales_12,9,47.74507439354435,0.029176264756659718,417.168463159907
402,2023-11-23,Product_B,North,Sales_2,2,53.00050680968492,0.2566883044605701,78.791793162312
403,2023-12-22,Product_B,North,Sales_13,63,48.994849374121685,0.1439949196586975,2642.209918412718
404,2023-10-08,Product_C,South,Sales_1,96,37.67478760542466,0.2481450586511631,2719.293621639019
405,2023-10-27,Product_C,South,Sales_20,51,74.35293816337709,0.24513818465104345,2862.4358878053126
406,2023-01-14,Product_D,West,Sales_7,31,42.08447882119091,0.2747976004086232,946.1127158270839
407,2023-08-25,Product_C,South,Sales_9,7,33.09071714439605,0.08935500338583083,210.93727201343282
408,2023-10-12,Product_A,North,Sales_17,30,43.238895840458724,0.2849398060386009,927.5523973906544
409,2023-11-26,Product_B,East,Sales_13,58,19.974409974117,0.045500088107286084,1105.80320850341
410,2023-02-19,Product_B,East,Sales_10,3,40.23068802525227,0.02459063327804716,117.72416978849931
411,2023-09-18,Product_B,South,Sales_16,51,35.4780710322151,0.12948465521170474,1575.0944670886502
412,2023-04-20,Product_D,South,Sales_6,56,59.26142946390986,0.24849689059255278,2493.9683165632687
413,2023-07-16,Product_D,North,Sales_16,73,39.898786406601914,0.14202633919003368,2498.9438719657433
414,2023-09-09,Product_C,East,Sales_11,10,63.317059033682725,0.24878600325915423,475.6466097856887
415,2023-03-29,Product_B,West,Sales_20,61,70.97725989603983,0.21890604173829156,3381.8344416048335
416,2023-11-09,Product_B,West,Sales_3,50,61.717630044313985,0.06282851584168006,2892.0001473681928
417,2023-01-26,Product_B,South,Sales_9,47,46.76917566709885,0.28466448746983913,1572.415655582552
418,2023-09-19,Product_B,West,Sales_15,90,52.11671745058389,0.018234350588821023,4604.976265774627
419,2023-05-24,Product_B,North,Sales_13,1,27.125225897839105,0.26948391226313845,19.81541390186802
420,2023-03-01,Product_A,West,Sales_10,94,47.993309412181404,0.0913330346971122,4099.333872930483
421,2023-12-22,Product_B,South,Sales_20,57,37.0934229789975,0.15004442494931977,1797.0824145465804
422,2023-09-25,Product_A,North,Sales_13,38,60.41489571723948,0.12670556181022033,2004.8797117198696
423,2023-03-16,Product_B,East,Sales_17,62,88.5912858386671,0.051550367075074856,5209.5110971099175
424,2023-01-03,Product_D,North,Sales_7,79,57.49732453960714,0.10744405992050794,4054.2467059638707
425,2023-03-04,Product_D,South,Sales_6,89,20.132897765680003,0.05788033088783858,1688.116309333156
426,2023-08-24,Product_A,South,Sales_13,70,44.581547106284404,0.06116594263815715,2929.827232728278
427,2023-08-17,Product_B,West,Sales_17,82,51.83736388061682,0.056117050807914105,4012.129119634353
428,2023-10-02,Product_D,West,Sales_15,65,51.310361378903956,0.14670521410397827,2845.886148758858
429,2023-01-18,Product_D,East,Sales_4,62,39.037803115868705,0.23937941025339465,1840.9633233610434
430,2023-03-21,Product_B,East,Sales_15,56,53.67937613955403,0.1706910101283723,2492.9401953810316
431,2023-08-03,Product_B,South,Sales_14,67,31.362487446209187,0.26796197656525256,1538.2217324480437
432,2023-06-20,Product_D,South,Sales_11,17,35.826369159723995,0.19096334657301725,492.74237876018697
433,2023-11-25,Product_B,South,Sales_4,8,59.68696462405567,0.20680203468978134,378.7486311627517
434,2023-09-12,Product_C,East,Sales_3,60,34.76505153680261,0.20028216891810094,1668.1338967477334
435,2023-05-06,Product_B,South,Sales_2,40,58.07317408238386,0.13483775795512234,2009.708699671108
436,2023-09-12,Product_D,East,Sales_20,81,29.45804338015913,0.20680164666002485,1892.6517916425419
437,2023-03-13,Product_D,South,Sales_10,89,76.47238825687604,0.020912323940688347,6663.712388200584
438,2023-02-07,Product_A,North,Sales_13,62,38.38595116393918,0.2579554415746989,1766.013343233186
439,2023-11-20,Product_C,North,Sales_20,41,46.64500142294834,0.2333436430331752,1466.1881613268272
440,2023-07-23,Product_D,South,Sales_18,12,54.95919891635609,0.07356898746950365,610.9908755993367
441,2023-06-21,Product_C,North,Sales_16,93,41.519750712483585,0.2304097362762247,2971.6472187526056
442,2023-08-11,Product_B,East,Sales_11,89,52.15108941606957,0.003792780420005548,4623.84296888728
443,2023-08-05,Product_D,West,Sales_10,54,58.63035086780189,0.06517397174426412,2959.695613997324
444,2023-09-02,Product_A,North,Sales_9,89,64.40919848755227,0.01954117160126878,5620.400488561409
445,2023-12-02,Product_D,West,Sales_12,93,61.872461539594354,0.23406807498536839,4407.278702234619
446,2023-07-10,Product_A,North,Sales_19,11,47.42284304295989,0.22676224535351613,403.36045940840035
447,2023-10-25,Product_C,East,Sales_1,60,47.80052338934597,0.24409080714054918,2167.971303209989
448,2023-11-16,Product_A,North,Sales_18,68,85.23662837037548,0.0013445079976586503,5788.297838844988
449,2023-07-01,Product_B,North,Sales_14,78,64.24833602373938,0.1503698180035224,4257.811383448003
450,2023-11-30,Product_B,South,Sales_1,46,36.1726451551968,0.21145085925520093,1312.0997797574598
451,2023-07-24,Product_B,West,Sales_17,38,51.49982245648328,0.046620338621704636,1865.7575651949655
452,2023-12-27,Product_D,West,Sales_11,61,44.97285291832711,0.1949372182537874,2208.5641744829936
453,2023-07-18,Product_B,East,Sales_20,17,47.96998649115336,0.025233029792905714,794.9124926785655
454,2023-11-28,Product_B,East,Sales_15,66,31.55757263437868,0.05439775683129395,1969.500157153838
455,2023-06-14,Product_D,West,Sales_4,72,43.8211514842107,0.1427390444983803,2704.7636778625697
456,2023-08-30,Product_C,South,Sales_15,36,77.1733365979087,0.1960695458043306,2233.5118395462723
457,2023-05-10,Product_B,South,Sales_14,74,58.68614451313255,0.04376073808616882,4152.731668021665
458,2023-08-15,Product_B,West,Sales_1,7,12.632578877728097,0.055566999249281365,83.51437063699025
459,2023-05-02,Product_D,North,Sales_9,16,68.25085238746921,0.061333910119698895,1025.0361718646934
460,2023-02-13,Product_C,West,Sales_7,14,66.34444284363742,0.07161024140969353,862.3090178557811
461,2023-07-15,Product_C,North,Sales_11,80,44.61072043540375,0.06796615455788736,3326.2961052281917
462,2023-12-24,Product_C,West,Sales_2,25,60.75895315674823,0.11854473254929102,1338.9074826201652
463,2023-07-23,Product_D,North,Sales_2,4,37.10901183774199,0.19613689525101688,119.32226188021617
464,2023-11-14,Product_A,South,Sales_6,29,42.94616425600464,0.13140953494034088,1081.7762347258958
465,2023-09-14,Product_A,West,Sales_19,56,72.4781954100478,0.23279217262496643,3113.9269746259306
466,2023-01-17,Product_B,East,Sales_20,6,45.92404940195438,0.21578055178458444,216.08719609090886
467,2023-09-29,Product_B,North,Sales_14,1,21.954025070675133,0.0379580742147227,21.120692557730564
468,2023-01-09,Product_B,South,Sales_3,39,49.05045165827995,0.01465248699622318,1884.9378815747268
469,2023-09-06,Product_A,East,Sales_7,1,48.82117410628465,0.26338246919988184,35.962532720934064
470,2023-07-20,Product_D,South,Sales_7,63,67.9755285406019,0.023949319968862025,4179.896334024422
471,2023-02-28,Product_B,North,Sales_4,57,50.2150463326364,0.04450175421591392,2734.882154919639
472,2023-05-20,Product_D,West,Sales_5,67,43.67626532839561,0.006639982667435418,2906.879130803662
473,2023-04-29,Product_B,South,Sales_17,65,65.67584217846809,0.18850090958959612,3464.232602334666
474,2023-02-10,Product_D,West,Sales_4,65,51.81185348751666,0.17471116894750457,2779.3833599594254
475,2023-11-18,Product_D,West,Sales_13,21,38.74965977651424,0.2960710999305767,572.817113075467
476,2023-11-27,Product_A,South,Sales_16,30,67.32496340812426,0.2660797188951516,1482.3346820959257
477,2023-09-24,Product_D,South,Sales_16,96,52.90492646775199,0.1232529532442729,4452.886851785324
478,2023-01-08,Product_C,South,Sales_2,33,50.04388950019157,0.1114757522737605,1467.3519059579414
479,2023-07-02,Product_A,West,Sales_18,48,52.668625871174804,0.08905561028399551,2302.9530840670986
480,2023-05-14,Product_B,East,Sales_1,22,33.93997442875104,0.04572207601136441,712.5397034381103
481,2023-06-30,Product_A,North,Sales_18,94,42.08519335732494,0.04142509698060271,3792.1301532587318
482,2023-12-21,Product_C,East,Sales_8,54,50.05373902749175,0.039685112402881625,2595.636941472067
483,2023-03-13,Product_C,West,Sales_11,4,47.08004457462981,0.034234427156033566,181.87314487254733
484,2023-04-23,Product_D,South,Sales_15,87,69.08642574224893,0.07215361272166107,5576.838376537945
485,2023-04-17,Product_C,South,Sales_16,55,53.26108779090505,0.09200058909393492,2659.85699860969
486,2023-10-17,Product_C,North,Sales_17,44,62.82355883954604,0.2884736913116748,1966.8270564697038
487,2023-11-09,Product_C,North,Sales_17,89,50.14093031863774,0.17354197530056573,3688.1043062682656
488,2023-04-27,Product_C,East,Sales_12,12,65.84432725619185,0.2962787323539843,556.0326413283173
489,2023-04-30,Product_B,East,Sales_10,81,55.96291634859731,0.11174008434770197,4026.478843792394
490,2023-05-27,Product_B,North,Sales_20,79,50.20130728082697,0.1372879897768323,3421.432386885781
491,2023-11-23,Product_A,West,Sales_6,74,49.80075366561464,0.09737359774958375,3326.40915818092
492,2023-07-29,Product_D,East,Sales_8,99,35.68342060563555,0.0548662952689658,3338.834747933525
493,2023-10-23,Product_B,South,Sales_13,52,57.60373580204466,0.04294941233327375,2866.7438384595753
494,2023-04-13,Product_C,South,Sales_2,93,49.39692898195432,0.2835237593423496,3291.430515863192
495,2023-05-04,Product_D,West,Sales_19,76,42.470120597281934,0.29604320453962674,2272.181879884342
496,2023-09-02,Product_B,North,Sales_10,65,66.59692656218108,0.013472848952619465,4270.478954943508
497,2023-12-22,Product_A,East,Sales_4,65,31.24675961157798,0.04510376241952996,1939.4318573290182
498,2023-07-28,Product_C,South,Sales_12,10,43.66256156851349,0.12705722769030678,381.1491754176083
499,2023-11-10,Product_D,North,Sales_18,18,65.415781231693,0.0559000429033222,1111.6626525771665
500,2023-04-19,Product_B,East,Sales_7,47,54.7328441138038,0.10916411808806499,2291.625128416437
501,2023-12-14,Product_D,West,Sales_20,66,49.28211608520864,0.038728904957890005,3126.649263884579
502,2023-02-19,Product_B,South,Sales_4,49,53.765053147252196,0.13695352701653707,2273.6852349367177
503,2023-04-15,Product_A,West,Sales_7,72,52.69121256573262,0.08150838485077778,3484.5434592242937
504,2023-01-27,Product_C,West,Sales_10,22,27.25006180571118,0.10557151672759825,536.211091899152
505,2023-10-15,Product_A,West,Sales_15,86,44.76107171978058,0.028293795438824276,3740.5365557109967
506,2023-09-14,Product_C,East,Sales_12,26,74.24782481770623,0.1284384152130425,1682.5003484927156
507,2023-09-30,Product_C,West,Sales_1,90,40.110137978342486,0.29497728328847095,2545.070260064877
508,2023-05-17,Product_D,East,Sales_20,9,45.22548478843499,0.0986499140643571,366.8759514048329
509,2023-12-06,Product_B,East,Sales_18,21,41.875688550362185,0.2629287824527305,648.1726596543599
510,2023-10-28,Product_A,West,Sales_16,95,48.69477165022794,0.2529597424871055,3455.8107015461987
511,2023-11-18,Product_A,West,Sales_5,63,41.25315753013553,0.2856175254891632,1856.6435637391057
512,2023-02-01,Product_A,North,Sales_19,6,57.3011225323709,0.23703285368012833,262.31324363668995
513,2023-02-14,Product_D,South,Sales_4,14,52.959701184353996,0.19787904811764448,594.721202955588
514,2023-09-22,Product_D,North,Sales_6,33,61.603214226605274,0.2569753332682373,1510.4993547708493
515,2023-01-30,Product_D,South,Sales_17,71,34.23588250716559,0.02269340419720489,2375.585718904155
516,2023-03-25,Product_C,South,Sales_7,24,44.894892756756455,0.13884919715964233,927.8705505819019
517,2023-06-15,Product_A,North,Sales_7,73,46.61416052581798,0.29677687158451765,2392.9513729201863
518,2023-11-12,Product_C,North,Sales_9,75,56.83470365132892,0.23088004538841966,3278.4528519504543
519,2023-01-01,Product_A,South,Sales_13,87,38.101682041894485,0.2886226134111669,2358.106724617337
520,2023-09-06,Product_A,South,Sales_20,51,63.73480706387516,0.23389030684004372,2490.220527649035
521,2023-09-18,Product_B,South,Sales_14,2,67.79623385776414,0.26246459023264324,100.00424623793924
522,2023-03-04,Product_A,East,Sales_16,15,35.16691478546624,0.2119588896909573,415.69461860523455
523,2023-06-13,Product_D,South,Sales_9,35,42.636906576596516,0.22815060132517193,1151.8244745875295
524,2023-11-17,Product_D,West,Sales_15,36,42.021027375618615,0.1569534029518502,1275.324628805367
525,2023-11-30,Product_D,West,Sales_5,92,89.48579307016247,0.27727131024423984,5950.003397916531
526,2023-07-20,Product_B,West,Sales_18,39,43.551498421881696,0.24751167318700848,1278.1077729295355
527,2023-08-10,Product_B,North,Sales_20,4,75.16438163234201,0.25316548969968966,224.54141659366314
528,2023-06-01,Product_C,North,Sales_8,64,31.000520073400857,0.2019027302889157,1583.4515475331127
529,2023-05-12,Product_A,North,Sales_15,74,35.15523550753455,0.0913739841261747,2363.7791566474693
530,2023-04-24,Product_A,South,Sales_9,6,39.70093202227699,0.010688938617041798,235.65942718110912
531,2023-08-05,Product_D,West,Sales_19,57,37.31466032830217,0.28069653882286333,1529.9121666274257
532,2023-07-15,Product_D,South,Sales_6,30,45.98151898762252,0.17583610464164906,1136.8892340999887
533,2023-10-08,Product_D,East,Sales_4,99,39.36832695917753,0.08944289134444207,3548.8638868869793
534,2023-07-21,Product_D,East,Sales_11,74,37.7098761089814,0.04474053235426134,2665.6809970870727
535,2023-05-15,Product_D,North,Sales_10,96,67.37707994709992,0.2488569496502264,4858.543234092019
536,2023-08-22,Product_D,East,Sales_3,67,68.35690433769747,0.25095605833427365,3430.5557793667854
537,2023-05-21,Product_A,West,Sales_1,90,64.23944747562973,0.24435239043915943,4368.81464320219
538,2023-07-15,Product_B,East,Sales_12,15,57.85998433376492,0.19352480759003587,699.9396299761586
539,2023-02-12,Product_D,North,Sales_15,17,51.39114598669328,0.10980461627756277,777.7187356665236
540,2023-02-26,Product_A,South,Sales_15,91,42.54453964001137,0.0912210854340771,3518.3858304828336
541,2023-05-22,Product_D,East,Sales_14,18,35.70263742867362,0.0025664310354510554,640.9981632947258
542,2023-07-29,Product_C,West,Sales_7,19,55.44493555149031,0.25008226760647206,790.0036664880995
543,2023-03-13,Product_C,West,Sales_17,76,32.39554411179804,0.026229809248092737,2397.481952863563
544,2023-08-12,Product_A,West,Sales_19,88,35.0911860623691,0.18922649941223027,2503.68833119361
545,2023-01-27,Product_B,South,Sales_7,69,67.29369884307215,0.1512224840520265,3941.099119465192
546,2023-05-08,Product_C,West,Sales_3,24,78.5097356258313,0.15800680767790534,1586.511910270977
547,2023-04-16,Product_C,North,Sales_3,91,55.89942707249721,0.278013853592332,3672.6336864006544
548,2023-06-14,Product_B,North,Sales_18,48,66.59685728441967,0.009484503381372633,3166.330519983206
549,2023-08-03,Product_C,West,Sales_20,30,46.31227523834025,0.2320176673886317,1067.0102749824077
550,2023-03-12,Product_D,East,Sales_14,15,29.93488720868474,0.015615719510192139,442.01148609697015
551,2023-07-23,Product_B,West,Sales_3,47,59.18257427927876,0.01144608178061316,2749.742787622273
552,2023-06-02,Product_C,North,Sales_7,44,58.53933984905096,0.12894530944241459,2243.6025285370583
553,2023-03-08,Product_B,North,Sales_7,98,51.07502830820366,0.018922552302890017,4910.638724539669
554,2023-03-31,Product_D,North,Sales_5,27,46.36436812842333,0.2367431853878736,955.4738380885183
555,2023-09-17,Product_C,East,Sales_3,84,64.43315867871647,0.15886892809450115,4552.525473357614
556,2023-12-28,Product_A,East,Sales_18,64,35.21400449858788,0.008711634797932332,2234.0629089039003
557,2023-08-16,Product_C,East,Sales_15,41,38.39329131664013,0.012150205944575854,1554.9990017303674
558,2023-03-20,Product_C,North,Sales_20,96,34.87840239859358,0.1838005589218438,2732.902324169386
559,2023-04-06,Product_D,South,Sales_14,68,51.27459443953741,0.24183354529752146,2643.478068812142
560,2023-12-15,Product_A,West,Sales_4,5,33.68160481836112,0.13133985938243206,146.2893378887146
561,2023-11-26,Product_A,West,Sales_8,53,39.736367292271346,0.16637420146068732,1755.63882849877
562,2023-09-03,Product_A,North,Sales_13,8,39.41366656659203,0.23994883621497046,239.65122514378706
563,2023-09-29,Product_D,East,Sales_8,22,46.09087501499063,0.18315185221254573,828.2834094897594
564,2023-06-06,Product_D,South,Sales_15,7,27.689383303940346,0.06742807129764584,180.75639114634086
565,2023-04-26,Product_D,South,Sales_17,22,51.308074880559005,0.18391560776084356,921.1778203289667
566,2023-01-18,Product_D,East,Sales_5,46,68.70955475997016,0.18848383771956406,2564.9100527771884
567,2023-06-21,Product_D,West,Sales_20,30,52.032370584751426,0.220232094264338,1217.1951792400046
568,2023-01-16,Product_A,West,Sales_4,16,73.11981717201981,0.18626225626704038,952.0056807636146
569,2023-08-28,Product_B,South,Sales_11,79,70.00997278815387,0.29077263913741136,3922.5860705337177
570,2023-02-25,Product_D,South,Sales_18,5,61.66602570871782,0.059186492615120545,290.08114966752476
571,2023-03-20,Product_B,East,Sales_10,67,51.12028763955328,0.2853272038701229,2447.79668672365
572,2023-04-13,Product_C,West,Sales_17,23,50.337505823681596,0.16150184710500487,970.7818300534558
573,2023-10-11,Product_C,South,Sales_15,61,61.4569965854489,0.2015868421484736,2993.152557667382
574,2023-07-12,Product_D,West,Sales_6,74,44.12494085743951,0.029838479235656953,3167.815659715876
575,2023-01-05,Product_C,South,Sales_16,5,21.762188727988043,0.1141727824134321,96.3876954475371
576,2023-04-16,Product_B,East,Sales_15,23,57.380060811544396,0.23081374393895177,1015.1269454083035
577,2023-10-05,Product_C,West,Sales_8,79,33.03397055097543,0.2120733045296971,2056.2394331049763
578,2023-04-10,Product_C,South,Sales_9,82,35.56788157714423,0.012041816449623054,2881.445533406607
579,2023-08-26,Product_B,South,Sales_11,25,50.00335921993682,0.16397827904917336,1045.097360709349
580,2023-09-26,Product_C,South,Sales_2,8,48.57312683669795,0.02648345789052283,378.29393982005786
581,2023-11-17,Product_D,South,Sales_13,95,28.818865905265547,0.29875692875344867,1919.8578535388392
582,2023-03-27,Product_B,East,Sales_4,21,52.482373461997106,0.26918897655998836,805.4486383087832
583,2023-11-16,Product_B,West,Sales_9,2,64.49209491291573,0.006324198128561087,128.16846825392096
584,2023-02-01,Product_A,West,Sales_5,22,33.074876446013256,0.25759487367078926,540.2090721769612
585,2023-12-02,Product_A,North,Sales_19,72,69.08724996273139,0.2758288801675223,3602.23136435934
586,2023-02-20,Product_B,West,Sales_3,87,26.59743762305084,0.10606446676903653,2068.546328820114
587,2023-03-20,Product_B,North,Sales_3,96,81.7598621655643,0.21585049651432975,6154.7477109296715
588,2023-07-05,Product_A,South,Sales_6,72,43.831093542747745,0.13263112386233367,2737.2762969161786
589,2023-06-23,Product_D,East,Sales_10,68,52.18425495240337,0.19656974537290323,2850.995828587565
590,2023-04-16,Product_C,East,Sales_5,64,21.61949641271495,0.10209522128945743,1242.3839451066997
591,2023-03-04,Product_C,South,Sales_3,94,49.06795900296037,0.0967677709899805,4166.057626422318
592,2023-03-17,Product_C,North,Sales_7,19,53.42723266577288,0.1273301666572737,885.8623503016585
593,2023-11-12,Product_B,South,Sales_18,87,48.70756843850758,0.04367032759575035,4052.50288825128
594,2023-11-17,Product_D,East,Sales_8,82,41.553783844214394,0.24934168933061476,2557.8008409583394
595,2023-03-22,Product_A,East,Sales_1,53,35.80153222208278,0.10460936860849099,1698.98689667905
596,2023-12-27,Product_D,West,Sales_4,93,66.95789929305967,0.12004486617175354,5479.555092695278
597,2023-05-08,Product_D,North,Sales_7,87,50.46210702496925,0.2682163838106434,3212.6788548561713
598,2023-07-02,Product_C,West,Sales_14,97,73.11128564775159,0.1489871442189514,6035.208466924955
599,2023-08-31,Product_A,East,Sales_13,52,42.102764678076156,0.16327617280525888,1831.8760926398113
600,2023-07-04,Product_D,East,Sales_10,47,43.478079599416745,0.28694943743312956,1457.09724853149
601,2023-08-08,Product_A,West,Sales_18,82,62.23391366894244,0.26601791494349675,3745.6433727084573
602,2023-03-12,Product_B,West,Sales_1,54,25.65537556994654,0.050840012666531854,1314.9570213543145
603,2023-12-08,Product_C,East,Sales_4,44,31.798049597706154,0.1419645089754315,1200.4896244084207
604,2023-06-03,Product_A,West,Sales_16,97,66.46227457029745,0.29138886822856364,4568.303037526156
605,2023-09-02,Product_B,West,Sales_16,7,32.42099106165208,0.1117098894685808,201.59472013585156
606,2023-05-20,Product_B,North,Sales_18,92,22.714234770461786,0.11147193255486001,1856.7656314166127
607,2023-03-12,Product_B,East,Sales_8,1,78.02790782109636,0.058509069536746304,73.46256753658501
608,2023-02-15,Product_D,South,Sales_10,63,29.092735281886917,0.03429693423573756,1769.981450150738
609,2023-02-16,Product_D,North,Sales_16,98,52.76179097492255,0.22209143722679453,4022.297200690943
610,2023-03-20,Product_C,South,Sales_11,39,51.03627789086406,0.23100914061045494,1530.6108166182285
611,2023-05-29,Product_C,West,Sales_6,19,10.0,0.29070388905089994,134.766261080329
612,2023-05-10,Product_B,West,Sales_1,31,45.990244652482865,0.2320254632716089,1094.8994417614927
613,2023-05-07,Product_C,South,Sales_12,77,56.72619874218665,0.07300574821007962,4049.0342323122713
614,2023-12-31,Product_D,West,Sales_6,24,55.31464072278291,0.012034973486554634,1311.5743317183822
615,2023-04-29,Product_C,West,Sales_13,69,63.55281025705252,0.29563121531089803,3088.7584849792656
616,2023-12-23,Product_A,North,Sales_17,87,44.18763027641849,0.10213520866308172,3451.6830170894164
617,2023-09-19,Product_D,South,Sales_1,83,60.68756663138241,0.09359146272972622,4565.641465570019
618,2023-09-01,Product_B,North,Sales_8,65,39.660063978798924,0.27178656292481473,1877.2644478004893
619,2023-04-13,Product_B,South,Sales_8,33,28.842988753808374,0.17552996956349584,784.7459339191605
620,2023-02-06,Product_C,North,Sales_11,59,30.53407436478151,0.06446135215474037,1685.3825920216236
621,2023-05-22,Product_D,East,Sales_14,33,28.06834317206878,0.26672887281487184,679.1962859880617
622,2023-02-06,Product_B,East,Sales_10,32,65.14378951836791,0.298008256516423,1463.3728761960401
623,2023-01-08,Product_B,South,Sales_15,59,27.281397364121652,0.026003568345249216,1567.747037309379
624,2023-08-19,Product_D,East,Sales_7,92,54.110582609739545,0.2586754884907462,3690.442112299459
625,2023-11-29,Product_D,North,Sales_7,41,46.01113708891351,0.11715470930531818,1665.4493436366427
626,2023-10-23,Product_B,South,Sales_10,12,48.46027139824053,0.1572217339520113,490.0951620146891
627,2023-04-17,Product_C,East,Sales_4,73,70.45410942799549,0.27444479272949424,3731.6392557434365
628,2023-12-14,Product_C,East,Sales_18,11,43.4235894917709,0.29201375873253516,338.1763429728229
629,2023-01-18,Product_C,South,Sales_10,97,59.17402342324525,0.07864917312263982,5288.443434834727
630,2023-11-09,Product_A,East,Sales_19,19,50.56345027071668,0.06385523128797413,899.3594797202798
631,2023-03-24,Product_D,East,Sales_14,54,47.71971641550953,0.024154967577453557,2514.6206034851316
632,2023-10-15,Product_B,South,Sales_13,57,84.4995368657971,0.1685393557986414,4004.7082433576697
633,2023-07-13,Product_A,East,Sales_15,42,28.379873814269455,0.004081318635200481,1187.089953269079
634,2023-08-03,Product_C,East,Sales_16,98,69.33697753156167,0.12356948928298096,5955.366177696986
635,2023-10-08,Product_A,East,Sales_2,71,59.84609848234958,0.022015204995602566,4155.528779281228
636,2023-08-08,Product_B,East,Sales_4,31,42.80712508052324,0.12156773487880018,1165.6979552821272
637,2023-10-16,Product_B,West,Sales_18,52,74.43977776162419,0.011979656779682778,3824.4967682107713
638,2023-12-10,Product_D,South,Sales_17,2,22.27834831417195,0.25056517818263063,33.3923399984335
639,2023-07-13,Product_C,West,Sales_10,83,42.17350014051392,0.06292169818156976,3280.1493671532053
640,2023-06-07,Product_C,West,Sales_9,38,31.872766935963856,0.09849261310737359,1091.8743236721823
641,2023-04-14,Product_A,North,Sales_15,32,56.1812519730719,0.26101439898191753,1328.5483601686037
642,2023-02-03,Product_C,West,Sales_12,10,33.30403848219234,0.2238798183996615,258.4793639482378
643,2023-04-12,Product_A,West,Sales_9,8,56.49595920111979,0.06571150849261755,422.26819598621466
644,2023-05-07,Product_B,North,Sales_14,90,47.20345376267669,0.021569825597248814,4156.675514768516
645,2023-08-02,Product_B,East,Sales_13,94,42.80969086015873,0.21470213305660185,3160.1257381969604
646,2023-11-21,Product_B,East,Sales_6,75,55.829708690499665,0.1172107652064328,3696.439936022547
647,2023-10-23,Product_B,West,Sales_19,20,45.97067564092904,0.22982399973546636,708.1102218917791
648,2023-06-28,Product_B,North,Sales_4,20,33.67047735411442,0.13358843171256313,583.449821787298
649,2023-03-21,Product_A,East,Sales_20,9,92.02059484452468,0.10380072389168292,742.2191143804778
650,2023-05-21,Product_B,North,Sales_17,72,42.69249225456283,0.13536162246371894,2657.776840989512
651,2023-01-31,Product_A,South,Sales_19,15,16.73586379771978,0.224567695701203,194.66294143644996
652,2023-03-04,Product_B,South,Sales_3,98,37.368519654179174,0.2706660859621122,2670.904612716055
653,2023-02-17,Product_A,South,Sales_14,88,30.99084967440905,0.01493015897657266,2686.4773198516928
654,2023-03-28,Product_A,South,Sales_17,97,62.39218424060773,0.15723346236808652,5100.458373511693
655,2023-10-31,Product_A,West,Sales_13,63,54.82478989387379,0.009850628725163279,3419.9380683527315
656,2023-03-02,Product_C,South,Sales_9,91,55.98069202685516,0.1405228635073076,4378.38536427299
657,2023-11-30,Product_A,South,Sales_1,21,44.449663012441334,0.2655848487290701,685.534625689703
658,2023-10-01,Product_A,North,Sales_17,5,45.80974629414617,0.1084770799260929,204.20219392001022
659,2023-10-11,Product_B,East,Sales_16,35,44.43603344588497,0.27973512632419295,1120.1999905793996
660,2023-03-21,Product_A,North,Sales_18,85,48.782102237967955,0.18918254149518282,3362.037313354463
661,2023-06-29,Product_A,West,Sales_2,68,62.53000153047253,0.2802466031379019,3060.420308499786
662,2023-09-29,Product_D,South,Sales_14,48,55.0411311875802,0.22714998762375588,2041.8498681371439
663,2023-03-18,Product_C,East,Sales_17,80,57.501692444313,0.031030549994628686,4457.390664171518
664,2023-08-09,Product_D,East,Sales_3,95,57.49338362373804,0.06934541026880311,5083.115728117782
665,2023-10-09,Product_B,South,Sales_2,90,63.26663656072607,0.11825113637505186,5020.675640351353
666,2023-01-28,Product_C,South,Sales_8,62,54.32225062310382,0.051032064603622806,3196.1045892332663
667,2023-12-27,Product_C,West,Sales_2,35,55.38272109018378,0.14847348143299816,1650.5949487542011
668,2023-03-18,Product_D,West,Sales_2,70,67.83209361789734,0.14141044671044717,4076.794887065993
669,2023-06-13,Product_C,South,Sales_9,97,40.02431122995332,0.28687775940821436,2768.595970737386
670,2023-01-09,Product_D,South,Sales_20,21,37.16386130072739,0.13011836486879333,678.8913691573885
671,2023-06-24,Product_A,South,Sales_6,80,32.211176012197164,0.23568804128639934,1969.5509624280771
672,2023-11-03,Product_D,South,Sales_12,39,52.74371845430384,0.2825731634554439,1475.7506040524493
673,2023-03-17,Product_C,East,Sales_9,34,22.19401638171315,0.2630966492921956,556.0647312698429
674,2023-09-02,Product_C,West,Sales_7,15,56.93231144089516,0.06260028735347754,800.5249857749617
675,2023-05-02,Product_B,South,Sales_12,6,48.36210358249171,0.14880896827606327,246.99233306832608
676,2023-07-04,Product_B,South,Sales_5,66,67.01959549731585,0.10432193468877772,3961.8467877764533
677,2023-02-01,Product_B,East,Sales_16,88,39.92124034302514,0.11995760854116465,3091.6497762901326
678,2023-09-07,Product_B,North,Sales_5,56,46.9502257187374,0.10824204787372536,2344.6212797732264
679,2023-02-26,Product_C,South,Sales_12,49,66.83304999940053,0.24790776305250123,2462.9662857275853
680,2023-11-06,Product_B,East,Sales_20,92,70.74703470167229,0.13564171653673424,5625.872263686527
681,2023-05-24,Product_D,East,Sales_9,1,39.7977145137227,0.15710829967340645,33.54516325558408
682,2023-11-14,Product_A,North,Sales_7,65,52.7267184888074,0.2947342071141224,2417.112809883149
683,2023-03-25,Product_C,West,Sales_19,28,54.41628466526072,0.01799378165745493,1496.239637770755
684,2023-02-25,Product_B,West,Sales_20,20,55.604801084317224,0.14638729193722463,949.2992966975195
685,2023-10-06,Product_C,West,Sales_11,48,46.06136511026567,0.23221851208383482,1697.5230451108564
686,2023-09-30,Product_B,South,Sales_12,72,69.22075097185453,0.045348587456467956,4757.881513867559
687,2023-06-15,Product_C,West,Sales_3,65,21.65444774567682,0.18345947838443216,1149.3127137408806
688,2023-06-07,Product_B,South,Sales_17,90,43.68304647798374,0.07183943386034003,3649.0393034739413
689,2023-09-06,Product_A,South,Sales_7,51,56.7189609915942,0.26022123396737024,2139.9336316237354
690,2023-07-05,Product_B,East,Sales_10,43,56.858372179240156,0.09812989962002379,2204.9912304635345
691,2023-03-19,Product_D,West,Sales_15,49,70.29138545922144,0.09871884507027286,3104.262752346589
692,2023-01-22,Product_C,West,Sales_2,25,67.9733808980193,0.17945816355536806,1394.3750697852806
693,2023-04-18,Product_C,West,Sales_13,74,45.71687562039164,0.05506887243597262,3196.748113322399
694,2023-09-30,Product_D,South,Sales_4,76,69.49806865295906,0.08546659167091832,4830.431225408417
695,2023-09-09,Product_D,South,Sales_18,41,39.289373843338176,0.12498955503582344,1409.5231120499518
696,2023-01-15,Product_A,West,Sales_1,71,63.963310741877564,0.1060913589420331,4059.5922889816557
697,2023-10-31,Product_C,South,Sales_2,64,77.1578371763149,0.1574631654016747,4160.532473535061
698,2023-06-09,Product_A,South,Sales_2,61,68.22416160282454,0.17989204322068988,3413.021844279508
699,2023-07-24,Product_C,North,Sales_4,12,51.58655575286185,0.17000023612504936,513.8019491279678
700,2023-04-23,Product_C,North,Sales_3,81,45.02331842341817,0.19625049359757968,2931.185066713129
701,2023-06-17,Product_A,West,Sales_17,69,27.071130556110706,0.09232485498234606,1695.4536723783642
702,2023-12-19,Product_C,West,Sales_14,14,54.65809456871306,0.03792786814650841,736.1904139068014
703,2023-09-10,Product_C,North,Sales_2,34,33.27174158043621,0.2282422624293231,873.0426162432248
704,2023-07-05,Product_A,South,Sales_16,48,38.10298004579095,0.2552341147892046,1362.134383822693
705,2023-12-13,Product_B,South,Sales_11,61,32.13881298894993,0.07710186966672967,1809.3118755365833
706,2023-08-15,Product_A,East,Sales_13,81,43.094115010150176,0.12212758684740592,3064.321913667513
707,2023-01-16,Product_C,West,Sales_1,35,49.58045878269527,0.14957076508906658,1475.7635070185213
708,2023-06-05,Product_D,West,Sales_2,65,54.10421871748558,0.15999805282588092,2954.09718974645
709,2023-12-20,Product_B,West,Sales_2,59,40.99240046879055,0.19784705132629554,1940.0483196459672
710,2023-04-21,Product_D,East,Sales_5,36,66.03925559592774,0.012480970006596403,2347.7407785927726
711,2023-01-01,Product_B,East,Sales_4,79,46.876921130150514,0.21644312482020509,2901.7279732644447
712,2023-02-10,Product_D,South,Sales_12,19,38.18416350101721,0.018591302093823082,712.0111334612275
713,2023-02-17,Product_B,North,Sales_3,42,53.39438400865154,0.14048657030186035,1927.513985287615
714,2023-04-18,Product_A,North,Sales_20,69,79.45329250315724,0.24830134067075824,4121.0204083203
715,2023-06-10,Product_B,North,Sales_10,19,55.027408498026766,0.13536459398351888,903.9942680857965
716,2023-06-10,Product_B,South,Sales_20,39,44.55716558939589,0.04472692463047433,1660.0061634909255
717,2023-12-25,Product_B,North,Sales_18,69,27.08807965821944,0.2955101535017879,1316.7461185441744
718,2023-05-08,Product_C,East,Sales_10,52,46.70881518541894,0.266785638622279,1780.873853038121
719,2023-07-29,Product_D,East,Sales_1,12,53.52392187632174,0.23139408996750419,493.6656321871017
720,2023-05-31,Product_A,West,Sales_6,83,44.186286631166446,0.12345348086976311,3214.7008664067093
721,2023-09-12,Product_D,North,Sales_11,47,25.019230426385008,0.055153718066789335,1111.048361724406
722,2023-08-06,Product_D,East,Sales_2,76,37.241519157448494,0.28242335442555033,2030.9969738754858
723,2023-01-30,Product_A,West,Sales_7,36,71.81807691331636,0.1597053379551417,2172.5404800691254
724,2023-02-14,Product_C,North,Sales_20,63,71.51001505595691,0.2557066381162455,3353.139059404433
725,2023-03-21,Product_B,North,Sales_18,76,36.70041246193103,0.10262850172782773,2502.976712980901
726,2023-02-08,Product_C,East,Sales_19,82,60.09135180799133,0.10058649512384117,4431.851814074486
727,2023-08-28,Product_C,West,Sales_4,51,32.321408228447396,0.2956621442022117,1161.024759767471
728,2023-02-14,Product_B,West,Sales_13,43,71.06474422992429,0.15654991454845493,2577.401277512839
729,2023-03-19,Product_D,East,Sales_18,34,53.678537718413544,0.042208627158223884,1748.0365713375843
730,2023-12-03,Product_B,East,Sales_20,97,64.24462247924801,0.06590240339841222,5821.042502886865
731,2023-12-15,Product_A,East,Sales_13,49,24.273599792261912,0.14458328381781624,1017.438108186644
732,2023-10-15,Product_B,North,Sales_19,18,60.16455652887332,0.012741273146523402,1069.1637026471908
733,2023-10-07,Product_D,East,Sales_17,61,49.88488904473245,0.13876019561349015,2620.733977046415
734,2023-04-26,Product_C,East,Sales_1,57,62.77893606186264,0.1256822526240383,3128.6580637352345
735,2023-09-26,Product_C,South,Sales_6,93,63.72301697146774,0.23380087959584608,4540.680318432493
736,2023-12-01,Product_B,East,Sales_19,5,50.98677034212124,0.10648258934677253,227.7878350683147
737,2023-11-08,Product_A,East,Sales_20,89,40.98755541356128,0.2947646284618798,2572.622774476474
738,2023-02-22,Product_D,North,Sales_1,24,61.69544273269241,0.05423097579027094,1400.3913281156574
739,2023-03-09,Product_C,West,Sales_8,93,49.097682508923086,0.17729600549044047,3756.5359354765437
740,2023-07-01,Product_B,North,Sales_17,64,36.90822569708536,0.02690978910247639,2298.5621201555323
741,2023-02-03,Product_A,South,Sales_15,59,36.19771652813471,0.2201591951981946,1665.4789269680032
742,2023-10-11,Product_A,East,Sales_18,38,27.842533755314275,0.29842610641859146,742.27660292773
743,2023-11-02,Product_C,East,Sales_7,33,42.34563260655405,0.24574159132548964,1054.005132316452
744,2023-09-06,Product_C,East,Sales_16,10,66.54038069111567,0.16671106221609036,554.4736314583675
745,2023-04-21,Product_D,East,Sales_7,37,52.667446995581514,0.1454224072199076,1665.3115426402148
746,2023-04-04,Product_A,East,Sales_17,97,42.05348441115439,0.2505089883800541,3057.314731625594
747,2023-06-28,Product_D,East,Sales_4,87,62.07283907270119,0.2807922254132173,3883.964355303199
748,2023-02-16,Product_A,South,Sales_12,11,37.51285067414917,0.2967619577394279,290.1851003447203
749,2023-10-09,Product_A,East,Sales_13,24,51.430254114991676,0.11896176826934524,1087.488483430332
750,2023-12-06,Product_B,East,Sales_4,88,47.30554440911727,0.2972752424383537,2925.364395907239
751,2023-12-28,Product_C,East,Sales_1,71,61.68695938382529,0.04677787565214945,4174.897587257076
752,2023-04-02,Product_A,South,Sales_1,21,26.341574436207488,0.07606493277957276,511.0959912955944
753,2023-07-31,Product_D,East,Sales_7,20,37.24703381278016,0.026704837420168857,725.0471566085267
754,2023-03-16,Product_C,South,Sales_9,10,25.426315113581996,0.0815215549453445,233.53522368992478
755,2023-07-21,Product_D,North,Sales_1,89,46.10604917286095,0.23038126548540333,3158.0830503917655
756,2023-10-24,Product_C,East,Sales_16,47,68.17141255448645,0.2558773074535349,2384.211068042797
757,2023-11-04,Product_C,West,Sales_18,47,42.41829185519709,0.2336677935307715,1527.8056500262978
758,2023-07-30,Product_A,South,Sales_15,15,42.339740927065236,0.18931973345030886,514.8598869059717
759,2023-12-04,Product_B,North,Sales_6,44,63.07586636276205,0.15418995375679367,2347.408863585195
760,2023-05-14,Product_A,South,Sales_2,62,66.0282433768295,0.21261128676409394,3223.3734025619588
761,2023-11-26,Product_C,South,Sales_9,6,48.671433990968154,0.11725006478016653,257.78823121550124
762,2023-03-07,Product_A,North,Sales_4,66,60.27072281074838,0.25239250544991054,2973.8837089675903
763,2023-10-07,Product_A,East,Sales_13,76,33.8456818868308,0.20315702819303563,2049.6967240526906
764,2023-01-28,Product_C,East,Sales_11,4,70.66961500888121,0.20934140954832256,223.5021527627389
765,2023-04-27,Product_C,South,Sales_13,23,82.23059440905577,0.16078079793872138,1587.2183579748257
766,2023-11-13,Product_A,North,Sales_11,13,57.818236867830876,0.26556869526335175,552.0258008253768
767,2023-11-21,Product_A,East,Sales_19,81,18.735025679857994,0.07560442010371574,1402.8045691440327
768,2023-04-24,Product_A,South,Sales_8,31,41.626546064033235,0.11434429600831521,1142.8704267315932
769,2023-03-16,Product_D,West,Sales_7,16,59.19237982503982,0.23329277090330672,726.1316083087247
770,2023-07-21,Product_A,North,Sales_16,41,43.67775504250456,0.1478246688388013,1526.0653200766856
771,2023-02-28,Product_D,West,Sales_3,90,69.08297831375147,0.26676420402725726,4558.870133284616
772,2023-01-15,Product_B,West,Sales_17,92,58.822358966537976,0.1039197959288557,4849.278731254693
773,2023-08-19,Product_D,South,Sales_18,1,39.40286748851306,0.11079905064589342,35.03706717805987
774,2023-04-15,Product_A,North,Sales_15,12,50.48397216156879,0.2666207368159876,444.28677967744215
775,2023-06-14,Product_B,East,Sales_17,56,36.59250169041365,0.1393110960546123,1763.7065696623445
776,2023-07-18,Product_D,East,Sales_11,50,47.261226823813374,0.154837375260746,1997.1711255405673
777,2023-12-20,Product_D,South,Sales_5,20,41.681101393511724,0.09982911460070382,750.4022789163057
778,2023-02-04,Product_C,East,Sales_16,66,67.62142700349558,0.08300098265372458,4092.5796195080507
779,2023-06-11,Product_B,East,Sales_15,36,81.74018085246493,0.1967846132515176,2363.5789551469265
780,2023-09-02,Product_C,West,Sales_10,79,28.53217500146372,0.03595219846236116,2173.0040660766135
781,2023-10-14,Product_B,West,Sales_14,38,21.151755706853717,0.26378179235487276,591.7476916518025
782,2023-01-19,Product_D,North,Sales_2,22,46.32241367222922,0.23376094102953235,780.868938551892
783,2023-10-07,Product_C,West,Sales_16,61,27.22376451756977,0.057224479111740834,1565.6198251890598
784,2023-12-06,Product_A,East,Sales_19,50,50.69317405506376,0.20820598374736962,2006.9275940826285
785,2023-12-14,Product_D,North,Sales_8,96,61.2340417070889,0.18078987638569044,4815.700500121737
786,2023-07-01,Product_B,North,Sales_15,59,72.41212845900237,0.05536051522099323,4035.7979874365315
787,2023-05-27,Product_B,South,Sales_10,20,53.02091838072921,0.08196105181506974,973.5053628408737
788,2023-06-25,Product_C,West,Sales_5,36,47.10267162725631,0.1226959511201503,1487.6411231393993
789,2023-06-12,Product_C,North,Sales_20,97,20.324226251403736,0.20977282057364216,1557.8933305129815
790,2023-06-24,Product_B,East,Sales_16,15,50.39277723778698,0.19161702264510178,611.0499495099658
791,2023-02-16,Product_D,North,Sales_12,62,51.06930890824192,0.15967045430300938,2660.733047543177
792,2023-09-13,Product_C,North,Sales_13,3,59.58435221319118,0.23052316293421027,137.54633663886102
793,2023-06-23,Product_A,South,Sales_9,93,39.37267847706363,0.22738132188184978,2829.0662122995454
794,2023-04-13,Product_B,East,Sales_17,91,43.474210996462105,0.18535774621867676,3222.8495597045635
795,2023-05-01,Product_A,East,Sales_20,5,27.829966170437235,0.23609702501544755,106.29696975658229
796,2023-12-16,Product_B,West,Sales_12,56,15.630607896739022,0.10027901243376276,787.5384144944209
797,2023-05-25,Product_A,East,Sales_5,31,33.372543638048256,0.26437485849678166,761.040146217909
798,2023-02-11,Product_D,North,Sales_12,86,26.445112786204753,0.18447302574058222,1854.736442045504
799,2023-01-29,Product_B,East,Sales_1,35,55.050684431309165,0.24670905414372915,1451.421375085359
800,2023-09-30,Product_D,East,Sales_20,71,42.227989149997136,0.16388373143708518,2506.833118907771
801,2023-01-14,Product_C,North,Sales_16,70,41.92644304887816,0.06553147349660411,2742.52590201896
802,2023-11-02,Product_B,South,Sales_12,26,35.23380430737182,0.16272303860349258,767.0117678318018
803,2023-11-09,Product_D,West,Sales_9,1,10.0,0.11133349913297642,8.886665008670235
804,2023-07-08,Product_A,West,Sales_13,83,72.62466123121325,0.20924971081112834,4766.521665278535
805,2023-12-26,Product_D,South,Sales_17,7,34.99594215834818,0.14273813752042072,210.0048058772523
806,2023-10-22,Product_B,North,Sales_17,36,43.81369895225139,0.2508338414783063,1181.6546592486288
807,2023-07-02,Product_D,West,Sales_4,76,28.176617520660344,0.203421753696575,1705.810923424118
808,2023-12-18,Product_A,South,Sales_14,84,64.5789551516095,0.20536332990939718,4310.61169388685
809,2023-02-05,Product_A,South,Sales_19,87,52.15143405555987,0.0651466000473195,4241.59325321459
810,2023-02-06,Product_A,South,Sales_7,25,37.60452072101197,0.2952749299473871,662.5212124852524
811,2023-01-14,Product_C,West,Sales_3,94,44.11655582983965,0.2525025627814466,3099.839167641151
812,2023-05-03,Product_B,West,Sales_1,59,75.17269883187305,0.23670146536820838,3385.3734408984556
813,2023-03-24,Product_A,West,Sales_12,61,48.90545852178082,0.09906456754800823,2687.700285777597
814,2023-06-08,Product_C,West,Sales_15,29,47.27399693576141,0.16068949585416956,1150.6493038331282
815,2023-11-25,Product_A,East,Sales_11,95,35.879277707911015,0.04113095642229859,3268.335226504121
816,2023-04-12,Product_D,South,Sales_10,18,21.581282742915455,0.16154279299881177,325.709676938301
817,2023-12-03,Product_B,East,Sales_2,41,47.59941989630983,0.04376677394498618,1866.162020677618
818,2023-03-24,Product_D,South,Sales_4,19,54.88227668486927,0.16591135319688036,869.7569939775832
819,2023-02-13,Product_C,West,Sales_17,4,66.49376696491504,0.19461656404647168,214.21191403078598
820,2023-03-09,Product_D,West,Sales_17,65,16.272551982505167,0.1170587901749707,933.9009377342963
821,2023-02-17,Product_D,East,Sales_8,41,33.12355509465456,0.14956346349938796,1154.9487403226944
822,2023-02-26,Product_A,North,Sales_14,15,41.28888364165324,0.26269601630237577,456.63687587127913
823,2023-03-16,Product_D,West,Sales_4,54,49.94778727140197,0.03256894341084281,2609.3361931701947
824,2023-01-22,Product_A,North,Sales_6,64,47.824494627073655,0.23751986789989585,2333.7745267757978
825,2023-05-12,Product_A,South,Sales_19,72,48.17466971469095,0.05122636529885892,3290.8936669728705
826,2023-10-29,Product_B,East,Sales_4,15,56.121440878549166,0.011012394841388518,832.5511411879041
827,2023-09-24,Product_C,North,Sales_3,79,36.450603338313364,0.055672380823514334,2719.2836059732576
828,2023-10-14,Product_C,North,Sales_20,50,64.01212163350542,0.2295129569911469,2466.025515706131
829,2023-04-30,Product_C,West,Sales_6,22,56.50178662549221,0.121537822001058,1091.9630158769503
830,2023-09-03,Product_A,North,Sales_7,18,45.20251603807881,0.2617561550538546,600.6686263414399
831,2023-02-25,Product_C,North,Sales_14,80,74.01361987833373,0.15741226235467973,4989.037482258073
832,2023-02-07,Product_A,South,Sales_12,2,73.3462405335765,0.006675105577899287,145.71329326854578
833,2023-09-02,Product_B,East,Sales_16,36,63.99343032790713,0.21501408288057802,1808.4218974405203
834,2023-01-21,Product_C,West,Sales_20,20,10.0,0.03306987261636981,193.38602547672602
835,2023-04-20,Product_A,West,Sales_8,16,73.68417639076964,0.2368138900385773,899.7558391261244
836,2023-04-04,Product_C,North,Sales_2,67,61.921377837079014,0.050430764941554004,3939.508570896849
837,2023-05-16,Product_C,South,Sales_13,30,80.09612956569406,0.10363391574165404,2153.8636206915094
838,2023-08-19,Product_B,North,Sales_8,55,68.56196887600308,0.2283814288876081,2909.702865121458
839,2023-01-08,Product_D,North,Sales_20,66,73.67514016245929,0.2862694072429265,3470.5572963344275
840,2023-11-24,Product_C,West,Sales_16,99,63.17982275270568,0.1114301851940197,5557.828656881788
841,2023-10-17,Product_B,North,Sales_4,26,70.23039797968268,0.2488200660596807,1371.6473085894897
842,2023-09-08,Product_C,North,Sales_16,57,79.9118561110166,0.057237679642751615,4294.259552802764
843,2023-12-27,Product_C,South,Sales_20,69,53.24832107567309,0.2421539310607473,2784.4281255321666
844,2023-03-28,Product_C,West,Sales_6,2,26.416541838828056,0.19724821777687532,42.41185208258192
845,2023-07-23,Product_C,East,Sales_4,56,45.38808649977287,0.05782305216371053,2394.762093163188
846,2023-08-07,Product_D,South,Sales_16,84,55.84918399075155,0.09075118810542347,4265.587551865286
847,2023-08-29,Product_D,South,Sales_13,62,51.123313765573364,0.0395312665791108,3044.3453540833357
848,2023-11-16,Product_C,South,Sales_5,34,31.301570507608602,0.11489010331929399,941.9812144897318
849,2023-09-15,Product_C,West,Sales_15,98,25.533985622075317,0.06109459233698322,2349.451723616111
850,2023-04-19,Product_B,North,Sales_8,56,38.88255997047756,0.19319938608914206,1756.7465022579943
851,2023-09-13,Product_B,East,Sales_7,55,62.116093339762266,0.2983515312661676,2397.1013976564604
852,2023-10-09,Product_A,West,Sales_14,20,73.70509656234454,0.003602748925279242,1468.791112098339
853,2023-08-08,Product_D,North,Sales_7,50,63.74851420666552,0.16227594398618958,2670.183194303093
854,2023-03-24,Product_C,South,Sales_7,25,65.86140930671205,0.1720999792647029,1363.16655326707
855,2023-04-17,Product_D,West,Sales_18,84,48.78776640254664,0.2742626369042436,2974.196814986539
856,2023-03-10,Product_B,North,Sales_10,25,23.868763134410543,0.15180160043008126,506.13616725801245
857,2023-04-07,Product_D,East,Sales_18,53,43.17169128675942,0.16311042589347524,1914.886731725026
858,2023-07-31,Product_D,East,Sales_14,14,46.11853382191432,0.14149584039851656,554.3013436916921
859,2023-10-13,Product_C,North,Sales_10,60,42.544212697464765,0.08067129136844442,2346.7269671343906
860,2023-08-25,Product_C,West,Sales_7,43,50.82042298061939,0.0168087399746741,2148.546415329414
861,2023-01-08,Product_B,South,Sales_7,62,56.62129639839426,0.12259730466295082,3080.140040552603
862,2023-10-21,Product_C,North,Sales_7,76,62.79522782365246,0.01577744137220356,4697.140464664007
863,2023-07-08,Product_B,South,Sales_5,69,45.82820203450499,0.16514774083977532,2639.924682121281
864,2023-03-22,Product_B,East,Sales_1,63,21.443608915331097,0.09218809297268794,1226.4061006873994
865,2023-04-18,Product_A,North,Sales_14,2,42.756834210632974,0.16008072045762833,71.82457877141495
866,2023-11-17,Product_A,East,Sales_18,54,50.655655954879755,0.040289089318556,2625.1984282116723
867,2023-03-08,Product_A,South,Sales_13,16,68.34211883200112,0.2797889897218079,787.5319431767646
868,2023-06-23,Product_D,South,Sales_8,55,41.48288236723842,0.26835637306498045,1669.2877580986794
869,2023-12-12,Product_A,North,Sales_8,94,57.68815442599103,0.05699895276068535,5113.599063479208
870,2023-12-17,Product_C,North,Sales_10,43,54.35131849453148,0.10303328498820297,2096.306915083793
871,2023-11-24,Product_C,North,Sales_17,61,50.65850799685083,0.18404783155559387,2521.430086461512
872,2023-02-12,Product_A,East,Sales_6,38,63.95799978986887,0.02870586219177188,2360.637149949902
873,2023-07-06,Product_D,South,Sales_15,45,40.08738204871129,0.10637034633484524,1612.0473001439677
874,2023-10-29,Product_B,South,Sales_15,51,41.37220325534725,0.07533368604570183,1951.029616898788
875,2023-07-19,Product_D,East,Sales_16,42,49.82148765358658,0.27465501861500896,1517.7861734558594
876,2023-02-08,Product_D,North,Sales_8,24,40.397802423594506,0.25575319088676157,721.5824531747343
877,2023-08-08,Product_B,West,Sales_19,30,57.62018436581899,0.17394982238005913,1427.9149058963555
878,2023-11-03,Product_B,North,Sales_20,37,39.30211543450801,0.15610390106147223,1227.1753701228815
879,2023-01-04,Product_B,West,Sales_15,53,53.39456311617702,0.27921773836361913,2039.7502599841212
880,2023-05-01,Product_C,West,Sales_3,63,48.49740846819865,0.27972833489364457,2200.6724764961477
881,2023-12-02,Product_B,East,Sales_6,11,53.22388947165059,0.29079903760549813,415.2107699924051
882,2023-03-18,Product_B,South,Sales_8,78,43.10387907405441,0.037613665232456295,3235.6415673147267
883,2023-06-28,Product_D,South,Sales_16,23,44.913675582097596,0.04816734322895106,983.2569725572017
884,2023-05-13,Product_D,South,Sales_15,80,51.44013901995575,0.203021009603966,3279.736804956477
885,2023-11-07,Product_A,South,Sales_13,50,53.0311175924197,0.16243034298295347,2220.8627486556816
886,2023-08-17,Product_D,East,Sales_20,85,49.936971269132655,0.005539771467970789,4221.128208142418
887,2023-10-03,Product_B,West,Sales_15,55,75.58043534769627,0.01859251079685581,4079.636290810474
888,2023-06-01,Product_C,South,Sales_18,55,35.13894621888074,0.26642411467764154,1417.7395969995598
889,2023-06-13,Product_D,West,Sales_13,4,49.036943075709296,0.2606612386618159,145.01965101362381
890,2023-10-17,Product_D,East,Sales_8,97,26.395564668245232,0.10718127659881355,2285.9460720039483
891,2023-04-19,Product_B,North,Sales_14,54,55.5812221800108,0.2673151850791604,2199.069944245905
892,2023-05-06,Product_D,East,Sales_11,61,33.27130195434779,0.17810252231937054,1668.081548481172
893,2023-08-28,Product_D,South,Sales_6,78,45.82534616185136,0.24177169410567056,2710.1938178110977
894,2023-11-06,Product_B,North,Sales_1,83,44.41903512003011,0.12822932134806428,3214.0266285071834
895,2023-12-11,Product_D,East,Sales_2,5,54.21336689901757,0.034019498203472616,261.8452768059612
896,2023-05-26,Product_C,East,Sales_13,95,41.7081362368223,0.13011811879380486,3446.7094410726695
897,2023-09-09,Product_A,West,Sales_1,18,41.07041453459026,0.13718993939906937,637.8474033629129
898,2023-07-02,Product_D,East,Sales_4,44,71.53784696128847,0.1652832581521809,2627.408895510723
899,2023-11-05,Product_C,North,Sales_2,31,54.2685018571179,0.0316748138713284,1629.0362720132534
900,2023-11-02,Product_D,East,Sales_20,94,41.58423721966598,0.2974205589148834,2746.32563351192
901,2023-03-13,Product_A,South,Sales_16,21,46.23749492283154,0.07324104624207191,899.8712608004882
902,2023-08-07,Product_B,West,Sales_3,47,74.68032428406117,0.05956572106112787,3300.901035193104
903,2023-07-26,Product_A,North,Sales_17,30,46.47252682623355,0.15804087565678096,1173.8390397789706
904,2023-06-22,Product_D,North,Sales_5,55,39.66085065271418,0.16116245381846658,1829.7955852547266
905,2023-05-21,Product_A,East,Sales_8,68,39.725057748104106,0.13194622134997328,2344.877081002596
906,2023-09-29,Product_A,South,Sales_12,69,41.76310278515634,0.23156764389757634,2214.356243522831
907,2023-08-02,Product_B,West,Sales_12,41,41.08253416359916,0.1549963202185808,1423.3105942624736
908,2023-09-26,Product_D,North,Sales_1,45,30.805282274761353,0.18290863654349523,1132.6828542996263
909,2023-01-20,Product_A,West,Sales_1,74,33.13699854579533,0.21712391562233566,1919.7201115474845
910,2023-03-07,Product_A,East,Sales_15,91,37.560194384579454,0.0075075304691599835,3392.3171173536784
911,2023-10-30,Product_B,South,Sales_17,80,58.87356527679646,0.17119325476351344,3903.584641402361
912,2023-05-27,Product_C,East,Sales_2,30,44.2814406909069,0.2652583413685108,976.0625753948655
913,2023-06-14,Product_D,West,Sales_17,77,46.8925746635894,0.005216622877630172,3591.8924415072424
914,2023-11-06,Product_C,East,Sales_20,85,69.05132037882345,0.12155463114028832,5155.9140710361835
915,2023-01-06,Product_C,West,Sales_9,45,69.42510724907628,0.27786823506174896,2256.0333852961267
916,2023-01-14,Product_B,North,Sales_12,45,45.76812585293398,0.10594632068476134,1841.3622591380336
917,2023-05-12,Product_B,North,Sales_4,79,40.53704733974887,0.13761864726007225,2761.713103953874
918,2023-12-08,Product_D,East,Sales_13,84,37.03354529489693,0.2944624179132938,2194.7988722906484
919,2023-08-31,Product_C,North,Sales_4,84,60.39163654562357,0.05979715768517214,4769.552619908102
920,2023-08-19,Product_A,West,Sales_7,45,46.92939149716568,0.01957655673750178,2070.480402083924
921,2023-08-16,Product_C,North,Sales_14,55,44.202576645158146,0.2578267772583913,1804.3282819220994
922,2023-06-11,Product_B,South,Sales_9,59,37.795031372936705,0.26053960236371054,1648.927806734761
923,2023-10-10,Product_A,South,Sales_1,5,38.45500386482917,0.14162335040400395,165.0443868884657
924,2023-09-20,Product_A,East,Sales_1,32,54.80087287239867,0.15426215234318588,1483.1095127301487
925,2023-05-11,Product_B,East,Sales_20,6,30.26842601169107,0.2507419108853508,136.07317820416674
926,2023-08-13,Product_A,East,Sales_4,94,64.92303040681908,0.22156784943473853,4750.58837299464
927,2023-09-15,Product_C,East,Sales_1,26,41.99233034277622,0.07954470066510319,1004.9536378811788
928,2023-08-22,Product_B,West,Sales_10,37,47.755460836223115,0.005068006521455537,1757.9971264229907
929,2023-12-02,Product_D,West,Sales_2,13,29.945330627891686,0.14391004876006372,333.2666562822423
930,2023-11-12,Product_B,South,Sales_15,93,49.814510926364534,0.2576736978286924,3439.0118172109555
931,2023-01-24,Product_D,West,Sales_3,69,45.0751858596416,0.2687504030070486,2274.3235931029258
932,2023-09-28,Product_D,North,Sales_9,25,49.248791017153,0.2868678591228461,878.0223943418466
933,2023-04-05,Product_B,South,Sales_17,13,72.07563347542835,0.26386897128383435,689.7424328032729
934,2023-05-22,Product_B,East,Sales_13,88,52.665470686853595,0.1740130665894295,3828.087175374748
935,2023-07-01,Product_D,East,Sales_3,95,38.08011223781294,0.13338167977083026,3135.0876756588113
936,2023-07-25,Product_D,West,Sales_4,20,39.33020134180148,0.2324549539602297,603.7540239929291
937,2023-03-22,Product_A,South,Sales_4,72,58.92696778870653,0.22194649030967892,3301.0800554456364
938,2023-10-01,Product_B,West,Sales_11,60,69.48039936490136,0.1614430290244363,3495.79639401625
939,2023-10-03,Product_B,West,Sales_7,73,54.22877031126575,0.026198211767540735,3854.989365701325
940,2023-07-27,Product_A,West,Sales_11,21,60.33069116832154,0.2778244040360756,914.9564098373597
941,2023-10-23,Product_B,South,Sales_11,61,59.146065850050576,0.13668076125049863,3114.7781292263057
942,2023-02-08,Product_A,East,Sales_10,84,71.28596620036282,0.1090001345748793,5335.32604846273
943,2023-10-15,Product_A,North,Sales_5,79,20.75614740910951,0.1888702185506315,1330.038415622868
944,2023-05-04,Product_B,East,Sales_13,26,60.00828408956792,0.20215138835009308,1244.8156798572293
945,2023-12-30,Product_C,South,Sales_12,54,64.75604065855346,0.06320637510909043,3275.8044873539084
946,2023-10-10,Product_D,East,Sales_10,42,29.9191444079664,0.25108165344298683,941.0938387374175
947,2023-06-29,Product_B,East,Sales_7,11,36.71497723990376,0.08698112809871335,368.7361381160418
948,2023-04-07,Product_C,North,Sales_19,37,37.2382587705777,0.05600517777429501,1300.650768320673
949,2023-07-10,Product_A,East,Sales_19,11,39.06814705433925,0.12191995585634922,377.35456319093333
950,2023-03-15,Product_C,East,Sales_19,27,42.77424423596711,0.21916802426923956,901.7864362033278
951,2023-09-30,Product_B,East,Sales_12,94,53.639042195824125,0.28963745353194104,3581.697660807329
952,2023-02-18,Product_B,West,Sales_20,83,62.98511976751055,0.24278437931142996,3958.5452743886517
953,2023-12-03,Product_C,South,Sales_15,34,66.21975436652805,0.2821045133010575,1616.3213348614647
954,2023-07-29,Product_B,South,Sales_5,38,37.432654082483275,0.042181741222958036,1362.4398230781235
955,2023-04-26,Product_D,North,Sales_14,61,37.32945501945526,0.021353039659103033,2228.4738188443
956,2023-01-23,Product_C,West,Sales_12,87,69.73732760024335,0.16731142857200135,5052.044385434809
957,2023-04-08,Product_A,West,Sales_11,53,59.701159031279666,0.08708924491321031,2888.5969990525077
958,2023-11-24,Product_C,East,Sales_5,65,51.24297262803494,0.24841649189078185,2503.3692536920043
959,2023-11-09,Product_C,South,Sales_16,3,57.1000501333245,0.2015963614206978,136.76666336852057
960,2023-07-09,Product_C,North,Sales_18,67,49.55294327222839,0.2912184491957383,2353.188202620178
961,2023-07-01,Product_C,West,Sales_12,28,57.86877024571422,0.07643770671939126,1496.4715964088932
962,2023-05-28,Product_A,East,Sales_5,14,44.958999552413886,0.1457352343065697,537.6964490583545
963,2023-12-08,Product_A,North,Sales_16,52,54.03207401658847,0.15037214322760598,2387.172072671434
964,2023-01-23,Product_A,West,Sales_12,30,27.341809244457554,0.07175303845721286,761.3985406275063
965,2023-04-15,Product_C,North,Sales_2,58,39.68323557761853,0.17702801984640232,1894.1750758084365
966,2023-06-12,Product_D,West,Sales_6,54,39.84483234814485,0.13298579582377185,1865.4859228785501
967,2023-03-08,Product_D,North,Sales_4,69,44.38414950189629,0.13401646679696208,2652.080039666616
968,2023-10-17,Product_A,West,Sales_13,15,36.102301178303776,0.10882099439174509,482.60419296375727
969,2023-10-16,Product_D,West,Sales_10,38,41.99684561265377,0.005078805727660518,1587.774968119277
970,2023-02-15,Product_D,North,Sales_17,78,27.28378906402819,0.1566285710744367,1794.808717215783
971,2023-03-22,Product_D,West,Sales_14,14,58.230507145923504,0.10057435071009933,733.2361637748343
972,2023-05-27,Product_D,West,Sales_15,57,48.76229721632908,0.00039596069529890254,2778.350388003479
973,2023-08-10,Product_D,West,Sales_8,59,24.42188588335975,0.09238311229857961,1307.7772473779994
974,2023-12-09,Product_B,North,Sales_18,8,37.4775513417999,0.08358849992692709,274.75887235363564
975,2023-01-15,Product_A,North,Sales_3,72,55.049021413432506,0.11803444596709073,3495.6965282304586
976,2023-05-01,Product_C,West,Sales_17,19,41.85467080421316,0.03955559689301908,763.782602038042
977,2023-03-19,Product_D,West,Sales_7,32,39.54587809792855,0.15230514739052534,1072.7307937771454
978,2023-11-18,Product_B,North,Sales_13,95,48.88110984487886,0.207732105755439,3679.058726688229
979,2023-10-22,Product_C,East,Sales_16,29,55.15396302767324,0.18905567071637172,1297.0770130895048
980,2023-08-29,Product_B,West,Sales_5,41,28.45471314441259,0.24112648427075717,885.3346563216667
981,2023-01-18,Product_D,East,Sales_4,75,58.25192721826819,0.13560248639612435,3776.461578757872
982,2023-09-13,Product_D,North,Sales_10,45,37.99560077588935,0.15572751910191845,1443.5388058622927
983,2023-10-04,Product_D,West,Sales_13,13,49.73108047625302,0.24312058225769498,489.3256060493073
984,2023-01-27,Product_D,East,Sales_10,27,49.46869788962736,0.12831035124577156,1164.2765009689344
985,2023-01-02,Product_C,North,Sales_14,19,42.09400822640339,0.2104798049698791,631.4473221056809
986,2023-12-19,Product_C,East,Sales_12,26,34.64510380803928,0.13038071061539755,783.3293144092754
987,2023-10-22,Product_B,South,Sales_1,53,45.714701778616046,0.1253208583534688,2119.2418939543927
988,2023-11-08,Product_A,North,Sales_20,51,74.37995463612792,0.22806168735874807,2928.253570483418
989,2023-12-29,Product_D,South,Sales_20,37,29.574874543045535,0.05245107463986335,1036.8747018641754
990,2023-08-27,Product_B,North,Sales_7,9,75.38469528657313,0.10157579158247207,609.5469167067241
991,2023-01-13,Product_B,North,Sales_9,92,46.10418243385202,0.06725168302407053,3956.331068506854
992,2023-07-03,Product_B,West,Sales_8,96,50.53057125632959,0.10773298289027913,4328.329160422599
993,2023-07-13,Product_D,South,Sales_13,52,33.699337829229094,0.06911244670980721,1631.2552952462368
994,2023-02-25,Product_D,South,Sales_14,54,38.430958749837785,0.1738216893259964,1714.5445271862582
995,2023-08-18,Product_B,South,Sales_12,3,42.45635524942971,0.23945124078535357,96.87038491719002
996,2023-01-28,Product_D,North,Sales_8,96,34.31457543683132,0.23598391836537055,2516.8211969475615
997,2023-11-16,Product_B,South,Sales_18,69,46.86623063943692,0.10935028936463773,2880.15623827334
998,2023-03-12,Product_C,South,Sales_16,8,43.894761622898436,0.2966281217682785,246.9947274178541
999,2023-07-29,Product_D,West,Sales_11,14,77.761717136536,0.17815630941174024,894.711672371595
1000,2023-07-03,Product_C,East,Sales_16,3,32.510387214793084,0.11982009053348842,85.84496902631344
